{
"skeleton": { "hash": "Z3NfryirDH5kVbi6+PO/5ZMQBE0", "spine": "3.4.02", "width": 1080, "height": 1350, "images": "./images/" },
"bones": [
	{ "name": "root" },
	{ "name": "all", "parent": "root", "x": -17.1, "y": 192.29 },
	{ "name": "eyes", "parent": "root", "x": -18.17, "y": 139.7 },
	{ "name": "m1a2", "parent": "all", "x": -101.78, "y": -216.37 },
	{ "name": "m1a3", "parent": "all", "x": 86.47, "y": -220.26 },
	{ "name": "mi6", "parent": "all", "x": -204.77, "y": -125.92 },
	{ "name": "mi7", "parent": "all", "x": -33.24, "y": -125.92 },
	{ "name": "mi8", "parent": "all", "x": -105.77, "y": -132.05 },
	{ "name": "mi2b", "parent": "all", "x": -175.98, "y": -249.33 },
	{ "name": "mi2b2", "parent": "all", "x": 171.26, "y": -259.01 }
],
"slots": [
	{ "name": "rig_bg", "bone": "root", "attachment": "rig_bg" },
	{ "name": "rig_face", "bone": "all", "attachment": "rig_face" },
	{ "name": "Male_face", "bone": "all" },
	{ "name": "faceskull", "bone": "all", "attachment": "faceskull" },
	{ "name": "matdo1_phai", "bone": "all", "attachment": "matdo1_phai" },
	{ "name": "matdo1_trai", "bone": "all", "attachment": "matdo1_trai" },
	{ "name": "matdo2_trai", "bone": "all", "attachment": "matdo2_trai" },
	{ "name": "matdo2_phai", "bone": "all", "attachment": "matdo2_phai" },
	{ "name": "matdo6_phai", "bone": "all", "attachment": "matdo6_phai" },
	{ "name": "matdo6_trai", "bone": "all", "attachment": "matdo6_trai" },
	{ "name": "matdo5_phai", "bone": "all", "attachment": "matdo5_phai" },
	{ "name": "matdo5_trai", "bone": "all", "attachment": "matdo5_trai" },
	{ "name": "matdo3_phai", "bone": "all", "attachment": "matdo3_phai" },
	{ "name": "matdo3_trai", "bone": "all", "attachment": "matdo3_trai" },
	{ "name": "aotrum", "bone": "all", "attachment": "aotrum" },
	{ "name": "mi1", "bone": "all", "attachment": "mi1" },
	{ "name": "mi6", "bone": "mi6", "attachment": "mi1" },
	{ "name": "mi7", "bone": "mi7", "attachment": "mi1" },
	{ "name": "mi8", "bone": "mi8", "attachment": "mi1" },
	{ "name": "mi3", "bone": "all", "attachment": "mi1" },
	{ "name": "mi2", "bone": "all", "attachment": "mi2" },
	{ "name": "mi5", "bone": "all", "attachment": "mi2" },
	{ "name": "mi4", "bone": "all", "attachment": "mi2" },
	{ "name": "m1a", "bone": "all", "attachment": "m1a" },
	{ "name": "mi2b", "bone": "mi2b", "attachment": "mi2b" },
	{ "name": "mi2b2", "bone": "mi2b2", "attachment": "mi2b" },
	{ "name": "bl", "bone": "all", "attachment": "bl" },
	{ "name": "m1a2", "bone": "m1a2", "attachment": "m1a" },
	{ "name": "m1a3", "bone": "m1a3", "attachment": "m1a" }
],
"skins": {
	"default": {
		"Male_face": {
			"Male_face": { "x": 5.04, "y": -304.23, "width": 1016, "height": 1250 }
		},
		"aotrum": {
			"aotrum": {
				"type": "mesh",
				"uvs": [ 0.29574, 0, 0.19043, 0.07932, 0.05828, 0.20623, 0, 0.35637, 0, 0.53332, 0.02731, 0.64771, 0, 0.71563, 0, 0.83003, 0.14707, 0.84611, 0.25857, 0.91582, 0.42789, 1, 0.59101, 1, 0.71696, 0.92833, 0.88628, 0.85863, 1, 0.79785, 1, 0.72278, 0.97094, 0.6638, 1, 0.64056, 1, 0.57443, 0.96268, 0.40105, 0.89454, 0.22589, 0.86357, 0.10613, 0.73968, 0.02391, 0.54971, 0 ],
				"triangles": [ 1, 4, 3, 16, 19, 18, 1, 5, 4, 17, 16, 18, 13, 16, 15, 8, 7, 6, 3, 2, 1, 9, 8, 5, 8, 6, 5, 22, 21, 20, 19, 9, 20, 19, 12, 9, 14, 13, 15, 1, 23, 5, 23, 9, 5, 23, 1, 0, 9, 23, 20, 22, 20, 23, 16, 12, 19, 13, 12, 16, 10, 9, 12, 11, 10, 12 ],
				"vertices": [ -203.46, 390.3, -315.4, 292.89, -455.87, 137.05, -517.83, -47.31, -517.83, -264.61, -488.8, -405.09, -517.83, -488.49, -517.83, -628.97, -361.49, -648.72, -242.97, -734.33, -62.98, -837.69, 110.41, -837.69, 244.3, -749.69, 424.28, -664.09, 545.16, -589.46, 545.16, -497.27, 514.27, -424.84, 545.16, -396.31, 545.16, -315.1, 505.49, -102.19, 433.06, 112.91, 400.14, 259.96, 268.44, 360.93, 66.51, 390.3 ],
				"hull": 24,
				"edges": [ 0, 2, 2, 4, 4, 6, 6, 8, 8, 10, 10, 12, 12, 14, 14, 16, 16, 18, 18, 20, 20, 22, 22, 24, 24, 26, 26, 28, 28, 30, 30, 32, 32, 34, 34, 36, 36, 38, 38, 40, 40, 42, 42, 44, 44, 46, 0, 46 ],
				"width": 1063,
				"height": 1228
			}
		},
		"bl": {
			"bl": { "x": -5.76, "y": -271.65, "width": 521, "height": 396 }
		},
		"faceskull": {
			"faceskull": { "x": 14.66, "y": -193.19, "width": 723, "height": 903 }
		},
		"m1a": {
			"m1a": {
				"type": "mesh",
				"uvs": [ 1, 1, 0, 1, 0, 0, 1, 0 ],
				"triangles": [ 1, 2, 3, 1, 3, 0 ],
				"vertices": [ 238.67, -143.56, 139.33, -138.84, 141.08, -97.98, 240.42, -102.7 ],
				"hull": 4,
				"edges": [ 0, 2, 2, 4, 4, 6, 0, 6 ],
				"width": 132,
				"height": 49
			}
		},
		"m1a2": {
			"m1a": {
				"type": "mesh",
				"uvs": [ 1, 1, 0, 1, 0, 0, 1, 0 ],
				"triangles": [ 1, 2, 3, 1, 3, 0 ],
				"vertices": [ 32.98, -5.27, -21.77, -20.82, -27.54, 3.59, 27.21, 19.15 ],
				"hull": 4,
				"edges": [ 0, 2, 2, 4, 4, 6, 0, 6 ],
				"width": 132,
				"height": 49
			}
		},
		"m1a3": {
			"m1a": {
				"type": "mesh",
				"uvs": [ 1, 1, 0, 1, 0, 0, 1, 0 ],
				"triangles": [ 1, 2, 3, 1, 3, 0 ],
				"vertices": [ 22.16, -24.45, -28.85, 0.8, -16.71999, 22.77, 34.29, -2.48 ],
				"hull": 4,
				"edges": [ 0, 2, 2, 4, 4, 6, 0, 6 ],
				"width": 132,
				"height": 49
			}
		},
		"matdo1_phai": {
			"matdo1_phai": {
				"type": "mesh",
				"uvs": [ 0, 0.28149, 0.28422, 0, 0.63422, 0, 1, 0.5202, 1, 0.72751, 0.60951, 1, 0.23481, 1, 0, 0.6961, 0.31003, 0.22676, 0.24899, 0.43713, 0.34846, 0.79235, 0.5519, 0.81649, 0.71014, 0.54404, 0.65589, 0.69579, 0.26708, 0.64406, 0.69883, 0.35781, 0.49313, 0.14744, 0.61746, 0.20952 ],
				"triangles": [ 16, 1, 2, 17, 16, 2, 8, 1, 16, 0, 1, 8, 3, 15, 2, 17, 2, 15, 9, 0, 8, 12, 15, 3, 12, 14, 9, 8, 16, 17, 8, 15, 12, 15, 8, 17, 7, 0, 9, 7, 9, 14, 8, 12, 9, 13, 14, 12, 12, 3, 4, 13, 12, 4, 10, 14, 13, 11, 10, 13, 10, 6, 7, 10, 7, 14, 5, 11, 13, 5, 13, 4, 10, 11, 5, 6, 10, 5 ],
				"vertices": [ -206.83, -162.65, -173.01, -140.69, -131.36, -140.69, -87.83, -181.27, -87.83, -197.44, -134.3, -218.69, -178.89, -218.69, -206.83, -194.99, -169.94, -158.38, -177.2, -174.79, -165.36, -202.49, -141.15, -204.38, -122.32, -183.13, -128.78, -194.96, -175.05, -190.93, -123.67, -168.6, -148.15, -152.19, -133.35, -157.03 ],
				"hull": 8,
				"edges": [ 0, 2, 2, 4, 4, 6, 6, 8, 8, 10, 10, 12, 12, 14, 0, 14 ],
				"width": 119,
				"height": 78
			}
		},
		"matdo1_trai": {
			"matdo1_trai": {
				"type": "mesh",
				"uvs": [ 0, 0.5676, 0.0602, 0.40743, 0.17137, 0.24727, 0.31034, 0.1026, 0.46667, 0, 0.68902, 0, 0.89052, 0.16977, 1, 0.3661, 1, 0.63477, 0.8801, 0.87243, 0.66123, 1, 0.47015, 1, 0.27907, 0.9241, 0.11926, 0.85177, 0, 0.66577, 0.45836, 0.17162, 0.35709, 0.25149, 0.28957, 0.4021, 0.28804, 0.56413, 0.35862, 0.73072, 0.46143, 0.81743, 0.59953, 0.81972, 0.72383, 0.71246, 0.7714, 0.50023, 0.72383, 0.26974, 0.60721, 0.1488 ],
				"triangles": [ 25, 4, 5, 24, 25, 5, 15, 3, 4, 15, 4, 25, 16, 3, 15, 2, 3, 16, 6, 24, 5, 24, 6, 7, 17, 2, 16, 1, 2, 17, 23, 24, 7, 18, 1, 17, 0, 1, 18, 23, 7, 8, 14, 0, 18, 24, 23, 18, 22, 23, 8, 16, 24, 17, 17, 24, 18, 18, 23, 19, 15, 25, 24, 16, 15, 24, 22, 19, 23, 21, 20, 19, 22, 21, 19, 13, 14, 18, 13, 18, 19, 9, 22, 8, 12, 13, 19, 12, 19, 20, 11, 20, 21, 12, 20, 11, 9, 10, 21, 9, 21, 22, 11, 21, 10 ],
				"vertices": [ 84.16, -187.96, 91.14, -175.47, 104.04, -162.98, 120.16, -151.69, 138.29, -143.69, 164.09, -143.69, 187.46, -156.93, 200.16, -172.25, 200.16, -193.2, 186.25, -211.74, 160.86, -221.69, 138.7, -221.69, 116.53, -215.77, 97.99, -210.13, 84.16, -195.62, 137.33, -157.08, 125.58, -163.31, 117.75, -175.05, 117.57, -187.69, 125.76, -200.69, 137.69, -207.45, 153.71, -207.63, 168.12, -199.26, 173.64, -182.71, 168.12, -164.73, 154.6, -155.3 ],
				"hull": 15,
				"edges": [ 0, 2, 2, 4, 4, 6, 6, 8, 8, 10, 10, 12, 12, 14, 14, 16, 16, 18, 18, 20, 20, 22, 22, 24, 24, 26, 26, 28, 0, 28 ],
				"width": 116,
				"height": 78
			}
		},
		"matdo2_phai": {
			"matdo2_phai": {
				"type": "mesh",
				"uvs": [ 0, 0.51498, 0.11319, 0.24762, 0.22497, 0.10607, 0.40063, 0, 0.70405, 0, 0.88503, 0.11393, 1, 0.2948, 1, 0.64866, 0.901, 0.85312, 0.73066, 1, 0.3687, 1, 0, 0.82953, 0.30386, 0.38793, 0.28417, 0.5952, 0.35063, 0.7552, 0.44417, 0.83884, 0.58202, 0.84611, 0.69032, 0.78793, 0.76417, 0.63156, 0.77155, 0.43156, 0.71494, 0.2752, 0.58448, 0.1552, 0.45155, 0.18793, 0.36048, 0.26065 ],
				"triangles": [ 21, 3, 4, 22, 3, 21, 2, 3, 22, 23, 2, 22, 1, 2, 23, 20, 4, 5, 21, 4, 20, 20, 5, 6, 12, 1, 23, 19, 20, 6, 0, 1, 12, 13, 0, 12, 21, 20, 22, 19, 6, 7, 18, 19, 7, 12, 19, 13, 14, 13, 19, 22, 20, 19, 18, 17, 19, 19, 23, 22, 23, 19, 12, 17, 14, 19, 11, 0, 13, 11, 13, 14, 16, 15, 14, 17, 16, 14, 8, 18, 7, 17, 18, 8, 10, 14, 15, 11, 14, 10, 9, 17, 8, 16, 17, 9, 10, 15, 16, 9, 10, 16 ],
				"vertices": [ 68.16, -126.35, 75.51999, -114.58, 82.78, -108.36, 94.2, -103.69, 113.92, -103.69, 125.69, -108.7, 133.16, -116.66, 133.16, -132.23, 126.72, -141.23, 115.65, -147.69, 92.12, -147.69, 68.16, -140.19, 87.91, -120.76, 86.63, -129.88, 90.95, -136.92, 97.03, -140.6, 105.99, -140.92, 113.03, -138.36, 117.83, -131.48, 118.31, -122.68, 114.63, -115.8, 106.15, -110.52, 97.51, -111.96, 91.59, -115.16 ],
				"hull": 12,
				"edges": [ 0, 2, 2, 4, 4, 6, 6, 8, 8, 10, 10, 12, 12, 14, 14, 16, 16, 18, 18, 20, 20, 22, 0, 22 ],
				"width": 65,
				"height": 44
			}
		},
		"matdo2_trai": {
			"matdo2_trai": {
				"type": "mesh",
				"uvs": [ 0, 0.30077, 0.09303, 0.13379, 0.31566, 0, 0.66198, 0, 0.83926, 0.24511, 1, 0.58524, 1, 0.89445, 0.70321, 1, 0.38575, 1, 0.17136, 1, 0, 0.67182, 0.39685, 0.15596, 0.27527, 0.31511, 0.24432, 0.5439, 0.2819, 0.7528, 0.3975, 0.85658, 0.52294, 0.85315, 0.63697, 0.80184, 0.70996, 0.66158, 0.73048, 0.47684, 0.69033, 0.31925, 0.61113, 0.22614, 0.50626, 0.15872 ],
				"triangles": [ 22, 11, 2, 1, 2, 11, 3, 22, 2, 21, 22, 3, 21, 3, 4, 12, 1, 11, 0, 1, 12, 20, 21, 4, 19, 20, 4, 13, 0, 12, 19, 4, 5, 20, 19, 12, 18, 19, 5, 10, 0, 13, 12, 11, 22, 12, 22, 21, 13, 12, 19, 20, 12, 21, 18, 14, 19, 14, 13, 19, 10, 13, 14, 18, 16, 14, 17, 16, 18, 15, 14, 16, 18, 5, 6, 17, 18, 6, 9, 10, 14, 9, 14, 15, 8, 9, 15, 7, 17, 6, 16, 17, 7, 8, 15, 16, 7, 8, 16 ],
				"vertices": [ -121.83, -126.12, -116.53, -119.77, -103.84, -114.69, -84.1, -114.69, -73.99, -124, -64.83, -136.93, -64.83, -148.68, -81.75, -152.69, -99.84, -152.69, -112.06, -152.69, -121.83, -140.22, -99.21, -120.62, -106.14, -126.66, -107.9, -135.36, -105.76, -143.3, -99.17, -147.24, -92.02, -147.11, -85.52, -145.16, -81.36, -139.83, -80.19, -132.81, -82.48, -126.82, -87, -123.28, -92.97, -120.72 ],
				"hull": 11,
				"edges": [ 0, 2, 2, 4, 4, 6, 6, 8, 8, 10, 10, 12, 12, 14, 14, 16, 16, 18, 18, 20, 0, 20 ],
				"width": 57,
				"height": 38
			}
		},
		"matdo3_phai": {
			"matdo3_phai": {
				"type": "mesh",
				"uvs": [ 0, 0.47858, 0.12365, 0.15898, 0.40057, 0, 0.70543, 0, 1, 0.12514, 1, 0.50114, 0.81214, 0.76434, 0.55808, 1, 0.10587, 1, 0, 0.8433, 0, 0.7493, 0.39665, 0.18099, 0.26584, 0.29459, 0.23557, 0.48339, 0.27093, 0.65929, 0.34747, 0.76077, 0.50214, 0.77257, 0.59463, 0.71357, 0.68552, 0.59793, 0.71741, 0.42565, 0.66001, 0.26045, 0.52925, 0.17077, 0.33631, 0.22269 ],
				"triangles": [ 21, 2, 3, 2, 22, 1, 11, 2, 21, 11, 22, 2, 20, 21, 3, 20, 3, 4, 12, 1, 22, 19, 20, 4, 0, 1, 12, 13, 0, 12, 19, 4, 5, 22, 20, 19, 18, 19, 5, 22, 13, 12, 13, 17, 14, 22, 11, 21, 20, 22, 21, 22, 19, 13, 13, 19, 17, 18, 17, 19, 14, 10, 0, 14, 0, 13, 16, 15, 14, 6, 18, 5, 17, 18, 6, 17, 16, 14, 9, 10, 14, 15, 8, 9, 15, 9, 14, 7, 16, 17, 7, 17, 6, 15, 16, 7, 8, 15, 7 ],
				"vertices": [ -121.76, -220.75, -117.18, -212.76, -106.93, -208.79, -95.65, -208.79, -84.76, -211.92, -84.76, -221.32, -91.71, -227.9, -101.11, -233.79, -117.84, -233.79, -121.76, -229.87, -121.76, -227.52, -107.08, -213.31, -111.92, -216.15, -113.04, -220.87, -111.73, -225.27, -108.9, -227.81, -103.18, -228.1, -99.75, -226.63, -96.39, -223.74, -95.21, -219.43, -97.33, -215.3, -102.17, -213.06, -109.31, -214.36 ],
				"hull": 11,
				"edges": [ 0, 2, 2, 4, 4, 6, 6, 8, 8, 10, 10, 12, 12, 14, 14, 16, 16, 18, 18, 20, 0, 20 ],
				"width": 37,
				"height": 25
			}
		},
		"matdo3_trai": {
			"matdo3_trai": {
				"type": "mesh",
				"uvs": [ 0, 0.21264, 0.15609, 0.10978, 0.36887, 0, 0.66809, 0, 0.82102, 0, 1, 0.33419, 1, 0.68017, 0.74788, 1, 0.44201, 1, 0.24253, 0.82042, 0.08295, 0.60536, 0, 0.52121, 0.3726, 0.22409, 0.45096, 0.15234, 0.56393, 0.1344, 0.66598, 0.17284, 0.73522, 0.2779, 0.77167, 0.43934, 0.7334, 0.62384, 0.64958, 0.74171, 0.52417, 0.76563, 0.41497, 0.72626, 0.34871, 0.61994, 0.31044, 0.49132, 0.33097, 0.30757 ],
				"triangles": [ 14, 2, 3, 13, 2, 14, 15, 14, 3, 12, 2, 13, 1, 2, 12, 4, 15, 3, 16, 15, 4, 24, 1, 12, 16, 4, 5, 17, 16, 5, 24, 0, 1, 24, 11, 0, 23, 11, 24, 10, 11, 23, 24, 16, 23, 17, 22, 23, 10, 23, 22, 12, 13, 14, 14, 16, 12, 16, 14, 15, 17, 23, 16, 12, 16, 24, 18, 22, 17, 17, 5, 6, 18, 17, 6, 20, 21, 22, 22, 18, 20, 19, 20, 18, 9, 10, 22, 9, 22, 21, 8, 21, 20, 9, 21, 8, 6, 19, 18, 7, 19, 6, 20, 19, 7, 8, 20, 7 ],
				"vertices": [ 68.16, -215.49, 75.18, -212.2, 84.76, -208.69, 98.22, -208.69, 105.1, -208.69, 113.16, -219.38, 113.16, -230.45, 101.81, -240.69, 88.05, -240.69, 79.07, -234.94, 71.89, -228.06, 68.16, -225.37, 84.93, -215.86, 88.45, -213.56, 93.54, -212.99, 98.13, -214.22, 101.24, -217.58, 102.88, -222.75, 101.16, -228.65, 97.39, -232.42, 91.75, -233.19, 86.83, -231.93, 83.85, -228.53, 82.12999, -224.41, 83.05, -218.53 ],
				"hull": 12,
				"edges": [ 0, 2, 2, 4, 4, 6, 6, 8, 8, 10, 10, 12, 12, 14, 14, 16, 16, 18, 18, 20, 20, 22, 0, 22 ],
				"width": 45,
				"height": 32
			}
		},
		"matdo5_phai": {
			"matdo5_phai": {
				"type": "mesh",
				"uvs": [ 0, 0.49151, 0.08356, 0.13971, 0.27996, 0, 0.75042, 0, 1, 0.22249, 1, 0.42253, 0.86461, 0.71914, 0.69104, 0.87089, 0.44439, 1, 0.20231, 1, 0, 0.77432, 0.2653, 0.24415, 0.224, 0.44294, 0.27304, 0.63784, 0.42274, 0.76258, 0.58019, 0.7197, 0.68602, 0.54819, 0.67053, 0.24025, 0.48727, 0.10772 ],
				"triangles": [ 18, 2, 3, 17, 18, 3, 17, 3, 4, 11, 1, 2, 11, 2, 18, 17, 4, 5, 12, 1, 11, 0, 1, 12, 16, 17, 5, 16, 12, 17, 17, 11, 18, 17, 12, 11, 13, 12, 16, 6, 16, 5, 15, 13, 16, 15, 16, 6, 14, 13, 15, 13, 10, 0, 13, 0, 12, 7, 15, 6, 9, 10, 13, 9, 13, 14, 7, 8, 14, 7, 14, 15, 9, 14, 8 ],
				"vertices": [ -243.83, -135.77, -237.65, -118.54, -223.11, -111.69, -188.3, -111.69, -169.83, -122.59, -169.83, -132.39, -179.85, -146.93, -192.69, -154.36, -210.95, -160.69, -228.86, -160.69, -243.83, -149.63, -224.2, -123.65, -227.26, -133.39, -223.63, -142.94, -212.55, -149.06, -200.9, -146.95, -193.07, -138.55, -194.21, -123.46, -207.77, -116.97 ],
				"hull": 11,
				"edges": [ 0, 2, 2, 4, 4, 6, 6, 8, 8, 10, 10, 12, 12, 14, 14, 16, 16, 18, 18, 20, 0, 20 ],
				"width": 74,
				"height": 49
			}
		},
		"matdo5_trai": {
			"matdo5_trai": {
				"type": "mesh",
				"uvs": [ 0, 0.38028, 0.21347, 0.12546, 0.44622, 0, 0.74072, 0, 0.89272, 0.16793, 1, 0.4086, 1, 0.69173, 0.80722, 1, 0.44622, 1, 0.19447, 0.85454, 0, 0.68466, 0.37691, 0.24411, 0.30732, 0.38575, 0.29713, 0.56281, 0.35484, 0.70193, 0.43462, 0.78793, 0.53816, 0.8284, 0.65188, 0.80563, 0.73335, 0.69687, 0.76221, 0.5704, 0.74524, 0.36552, 0.68413, 0.21628, 0.47875, 0.16569, 0.5755, 0.15052 ],
				"triangles": [ 23, 2, 3, 22, 2, 23, 1, 2, 22, 21, 23, 3, 4, 21, 3, 11, 1, 22, 20, 21, 4, 12, 1, 11, 0, 1, 12, 20, 4, 5, 13, 0, 12, 19, 20, 5, 10, 0, 13, 19, 5, 6, 20, 11, 21, 20, 12, 11, 18, 19, 6, 12, 19, 13, 14, 13, 19, 22, 23, 21, 11, 22, 21, 19, 12, 20, 18, 14, 19, 15, 14, 18, 18, 16, 15, 17, 16, 18, 9, 10, 13, 9, 13, 14, 9, 14, 15, 8, 15, 16, 9, 15, 8, 7, 18, 6, 17, 18, 7, 16, 17, 7, 8, 16, 7 ],
				"vertices": [ 153.16, -120.08, 169.38, -107.09, 187.07, -100.69, 209.45, -100.69, 221.01, -109.25, 229.16, -121.53, 229.16, -135.97, 214.51, -151.69, 187.07, -151.69, 167.94, -144.27, 153.16, -135.61, 181.8, -113.14, 176.51, -120.36, 175.74, -129.39, 180.13, -136.49, 186.19, -140.87, 194.06, -142.94, 202.7, -141.78, 208.89, -136.23, 211.09, -129.78, 209.8, -119.33, 205.15, -111.72, 189.54, -109.14, 196.9, -108.37 ],
				"hull": 11,
				"edges": [ 0, 2, 2, 4, 4, 6, 6, 8, 8, 10, 10, 12, 12, 14, 14, 16, 16, 18, 18, 20, 0, 20 ],
				"width": 76,
				"height": 51
			}
		},
		"matdo6_phai": {
			"matdo6_phai": {
				"type": "mesh",
				"uvs": [ 0, 0.43492, 0.09298, 0.18865, 0.19618, 0.05965, 0.33722, 0, 0.57802, 0, 0.77754, 0.1007, 0.89794, 0.21797, 1, 0.39974, 1, 0.63429, 0.89794, 0.7457, 0.75002, 0.86297, 0.57458, 1, 0.21338, 1, 0, 0.79847, 0.29278, 0.25515, 0.23678, 0.41265, 0.24098, 0.62265, 0.31098, 0.75867, 0.41878, 0.82549, 0.54758, 0.8064, 0.64138, 0.71572, 0.70718, 0.5797, 0.70158, 0.36731, 0.62458, 0.22413, 0.51398, 0.15254, 0.39218, 0.15493 ],
				"triangles": [ 24, 3, 4, 23, 24, 4, 25, 3, 24, 2, 3, 25, 5, 23, 4, 14, 2, 25, 1, 2, 14, 6, 22, 23, 6, 23, 5, 22, 6, 7, 15, 1, 14, 0, 1, 15, 21, 22, 7, 21, 16, 15, 0, 15, 16, 14, 25, 24, 23, 14, 24, 21, 7, 8, 22, 14, 23, 22, 15, 14, 21, 15, 22, 20, 16, 21, 9, 21, 8, 20, 21, 9, 17, 16, 20, 13, 0, 16, 13, 16, 17, 19, 17, 20, 18, 17, 19, 10, 20, 9, 19, 20, 10, 12, 13, 17, 12, 17, 18, 11, 19, 10, 18, 19, 11, 12, 18, 11 ],
				"vertices": [ -202.83, -240.83, -195.86, -229.99, -188.12, -224.31, -177.54, -221.69, -159.48, -221.69, -144.52, -226.12, -135.49, -231.28, -127.83, -239.28, -127.83, -249.6, -135.49, -254.5, -146.58, -259.66, -159.74, -265.69, -186.83, -265.69, -202.83, -256.82, -180.87, -232.92, -185.07, -239.85, -184.76, -249.09, -179.51, -255.07, -171.42, -258.01, -161.76, -257.17, -154.73, -253.18, -149.79, -247.2, -150.21, -237.85, -155.99, -231.55, -164.28, -228.4, -173.42, -228.51 ],
				"hull": 14,
				"edges": [ 0, 2, 2, 4, 4, 6, 6, 8, 8, 10, 10, 12, 12, 14, 14, 16, 16, 18, 18, 20, 20, 22, 22, 24, 24, 26, 0, 26 ],
				"width": 75,
				"height": 44
			}
		},
		"matdo6_trai": {
			"matdo6_trai": {
				"type": "mesh",
				"uvs": [ 0, 0.40197, 0.16274, 0.16565, 0.40226, 0, 0.77864, 0, 1, 0.44417, 1, 0.72269, 0.72731, 1, 0.38515, 1, 0.16845, 0.79865, 0, 0.62985, 0.42993, 0.18851, 0.35735, 0.26449, 0.3131, 0.35619, 0.29185, 0.50553, 0.3485, 0.67059, 0.41931, 0.78063, 0.52553, 0.81469, 0.62466, 0.80683, 0.69901, 0.71775, 0.74681, 0.58937, 0.75743, 0.41121, 0.69724, 0.25139, 0.62466, 0.16755, 0.52907, 0.15707 ],
				"triangles": [ 23, 2, 3, 22, 23, 3, 10, 2, 23, 1, 2, 10, 21, 22, 3, 11, 1, 10, 12, 1, 11, 0, 1, 12, 4, 20, 21, 4, 21, 3, 13, 0, 12, 20, 11, 21, 19, 20, 4, 9, 0, 13, 12, 20, 13, 14, 13, 20, 8, 9, 13, 21, 10, 23, 21, 23, 22, 11, 10, 21, 11, 20, 12, 19, 14, 20, 18, 14, 19, 19, 4, 5, 18, 19, 5, 16, 15, 14, 14, 8, 13, 8, 14, 15, 14, 18, 16, 17, 16, 18, 7, 8, 15, 7, 15, 16, 6, 18, 5, 17, 18, 6, 16, 17, 6, 7, 16, 6 ],
				"vertices": [ 139.16, -249.79, 151.2, -237.97, 168.93, -229.69, 196.78, -229.69, 213.16, -251.9, 213.16, -265.82, 192.98, -279.69, 167.66, -279.69, 151.62, -269.62, 139.16, -261.18, 170.97, -239.12, 165.6, -242.91, 162.33, -247.5, 160.76, -254.97, 164.95, -263.22, 170.19, -268.72, 178.05, -270.42, 185.38, -270.03, 190.89, -265.58, 194.42, -259.16, 195.21, -250.25, 190.75, -242.26, 185.38, -238.07, 178.31, -237.54 ],
				"hull": 10,
				"edges": [ 0, 2, 2, 4, 4, 6, 6, 8, 8, 10, 10, 12, 12, 14, 14, 16, 16, 18, 0, 18 ],
				"width": 74,
				"height": 50
			}
		},
		"mi1": {
			"mi1": {
				"type": "mesh",
				"uvs": [ 1, 1, 0, 1, 0, 0, 1, 0 ],
				"triangles": [ 1, 2, 3, 1, 3, 0 ],
				"vertices": [ -84.53, -188.32, -216.53, -188.32, -216.53, -139.32, -84.53, -139.32 ],
				"hull": 4,
				"edges": [ 0, 2, 2, 4, 4, 6, 0, 6 ],
				"width": 132,
				"height": 49
			}
		},
		"mi2": {
			"mi2": {
				"type": "mesh",
				"uvs": [ 0, 0, 1, 0, 1, 1, 0, 1 ],
				"triangles": [ 3, 0, 1, 3, 1, 2 ],
				"vertices": [ -216.92, -176.36, -84.92, -176.36, -84.92, -210.36, -216.92, -210.36 ],
				"hull": 4,
				"edges": [ 0, 2, 2, 4, 4, 6, 0, 6 ],
				"width": 132,
				"height": 34
			}
		},
		"mi2b": {
			"mi2b": {
				"type": "mesh",
				"uvs": [ 1, 1, 0, 1, 0, 0, 1, 0 ],
				"triangles": [ 1, 2, 3, 1, 3, 0 ],
				"vertices": [ 56.06, -12.93, -47.86, -12.93, -47.86, 39.50999, 56.06, 39.50999 ],
				"hull": 4,
				"edges": [ 0, 2, 2, 4, 4, 6, 0, 6 ],
				"width": 132,
				"height": 34
			}
		},
		"mi2b2": {
			"mi2b": {
				"type": "mesh",
				"uvs": [ 1, 1, 0, 1, 0, 0, 1, 0 ],
				"triangles": [ 1, 2, 3, 1, 3, 0 ],
				"vertices": [ 56.06, -12.93, -47.86, -12.93, -47.86, 39.50999, 56.06, 39.50999 ],
				"hull": 4,
				"edges": [ 0, 2, 2, 4, 4, 6, 0, 6 ],
				"width": 132,
				"height": 34
			}
		},
		"mi3": {
			"mi1": {
				"type": "mesh",
				"uvs": [ 1, 1, 0, 1, 0, 0, 1, 0 ],
				"triangles": [ 1, 2, 3, 1, 3, 0 ],
				"vertices": [ 208.26, -188.32, 76.26, -188.32, 76.26, -139.32, 208.26, -139.32 ],
				"hull": 4,
				"edges": [ 0, 2, 2, 4, 4, 6, 0, 6 ],
				"width": 132,
				"height": 49
			}
		},
		"mi4": {
			"mi2": {
				"type": "mesh",
				"uvs": [ 0, 0, 1, 0, 1, 1, 0, 1 ],
				"triangles": [ 3, 0, 1, 3, 1, 2 ],
				"vertices": [ 76.37999, -179.28, 208.38, -179.28, 208.38, -213.28, 76.37999, -213.28 ],
				"hull": 4,
				"edges": [ 0, 2, 2, 4, 4, 6, 0, 6 ],
				"width": 132,
				"height": 34
			}
		},
		"mi5": {
			"mi2": {
				"type": "mesh",
				"uvs": [ 0, 0, 1, 0, 1, 1, 0, 1 ],
				"triangles": [ 3, 0, 1, 3, 1, 2 ],
				"vertices": [ -249.24, -137.06, -171.14, -137.06, -171.14, -157.18, -249.24, -157.18 ],
				"hull": 4,
				"edges": [ 0, 2, 2, 4, 4, 6, 0, 6 ],
				"width": 132,
				"height": 34
			}
		},
		"mi6": {
			"mi1": {
				"type": "mesh",
				"uvs": [ 1, 1, 0, 1, 0, 0, 1, 0 ],
				"triangles": [ 1, 2, 3, 1, 3, 0 ],
				"vertices": [ 50.23, -18.36, -41.28, -18.36, -41.28, 15.6, 50.23, 15.6 ],
				"hull": 4,
				"edges": [ 0, 2, 2, 4, 4, 6, 0, 6 ],
				"width": 132,
				"height": 49
			}
		},
		"mi7": {
			"mi1": {
				"type": "mesh",
				"uvs": [ 1, 1, 0, 1, 0, 0, 1, 0 ],
				"triangles": [ 1, 2, 3, 1, 3, 0 ],
				"vertices": [ 50.23, -18.36, -41.28, -18.36, -41.28, 15.6, 50.23, 15.6 ],
				"hull": 4,
				"edges": [ 0, 2, 2, 4, 4, 6, 0, 6 ],
				"width": 132,
				"height": 49
			}
		},
		"mi8": {
			"mi1": {
				"type": "mesh",
				"uvs": [ 1, 1, 0, 1, 0, 0, 1, 0 ],
				"triangles": [ 1, 2, 3, 1, 3, 0 ],
				"vertices": [ 50.23, -18.36, -41.28, -18.36, -41.28, 15.6, 50.23, 15.6 ],
				"hull": 4,
				"edges": [ 0, 2, 2, 4, 4, 6, 0, 6 ],
				"width": 132,
				"height": 49
			}
		},
		"rig_bg": {
			"rig_bg": { "scaleX": 10, "scaleY": 10, "width": 108, "height": 135 }
		},
		"rig_face": {
			"rig_face": { "x": -4.33, "y": -244.69, "width": 615, "height": 784 }
		}
	}
},
"animations": {
	"animation": {
		"slots": {
			"aotrum": {
				"attachment": [
					{ "time": 0, "name": "aotrum" }
				]
			},
			"bl": {
				"color": [
					{ "time": 0, "color": "ffffff00", "curve": "stepped" },
					{ "time": 0.3333, "color": "ffffff00" },
					{ "time": 1.7333, "color": "ffffffff", "curve": "stepped" },
					{ "time": 1.8333, "color": "ffffffff" },
					{ "time": 1.8666, "color": "ffffff00" }
				],
				"attachment": [
					{ "time": 0, "name": "bl" }
				]
			},
			"faceskull": {
				"color": [
					{ "time": 0, "color": "ffffff00", "curve": "stepped" },
					{ "time": 0.3333, "color": "ffffff00" },
					{ "time": 1.5, "color": "ffffff79" },
					{ "time": 1.7333, "color": "ffffffff" }
				],
				"attachment": [
					{ "time": 0, "name": "faceskull" }
				]
			},
			"m1a": {
				"color": [
					{ "time": 0, "color": "ffffff00", "curve": "stepped" },
					{ "time": 0.3333, "color": "ffffff00", "curve": "stepped" },
					{ "time": 1.5, "color": "ffffff00" },
					{ "time": 1.7333, "color": "ffffffff", "curve": "stepped" },
					{ "time": 1.8333, "color": "ffffffff" }
				],
				"attachment": [
					{ "time": 0, "name": "m1a" }
				]
			},
			"m1a2": {
				"color": [
					{ "time": 0, "color": "ffffff00", "curve": "stepped" },
					{ "time": 0.3333, "color": "ffffff00", "curve": "stepped" },
					{ "time": 1.6666, "color": "ffffff00" },
					{ "time": 1.8333, "color": "ffffffff" }
				],
				"attachment": [
					{ "time": 0, "name": "m1a" }
				]
			},
			"m1a3": {
				"color": [
					{ "time": 0, "color": "ffffff00", "curve": "stepped" },
					{ "time": 0.3333, "color": "ffffff00", "curve": "stepped" },
					{ "time": 1.6666, "color": "ffffff00" },
					{ "time": 1.8333, "color": "ffffffff" }
				],
				"attachment": [
					{ "time": 0, "name": "m1a" }
				]
			},
			"matdo1_phai": {
				"color": [
					{ "time": 0, "color": "ffffff00", "curve": "stepped" },
					{ "time": 1.5, "color": "ffffff00" },
					{ "time": 1.7333, "color": "ffffffff" }
				],
				"attachment": [
					{ "time": 0, "name": "matdo1_phai" }
				]
			},
			"matdo1_trai": {
				"color": [
					{ "time": 0, "color": "ffffff00", "curve": "stepped" },
					{ "time": 1.5, "color": "ffffff00" },
					{ "time": 1.7333, "color": "ffffffff" }
				],
				"attachment": [
					{ "time": 0, "name": "matdo1_trai" }
				]
			},
			"matdo2_phai": {
				"color": [
					{ "time": 0, "color": "ffffff00", "curve": "stepped" },
					{ "time": 1.5, "color": "ffffff00" },
					{ "time": 1.7333, "color": "ffffffff" }
				],
				"attachment": [
					{ "time": 0, "name": "matdo2_phai" }
				]
			},
			"matdo2_trai": {
				"color": [
					{ "time": 0, "color": "ffffff00", "curve": "stepped" },
					{ "time": 1.5, "color": "ffffff00" },
					{ "time": 1.7333, "color": "ffffffff" }
				],
				"attachment": [
					{ "time": 0, "name": "matdo2_trai" }
				]
			},
			"matdo3_phai": {
				"color": [
					{ "time": 0, "color": "ffffff00", "curve": "stepped" },
					{ "time": 1.5, "color": "ffffff00" },
					{ "time": 1.7333, "color": "ffffffff" }
				],
				"attachment": [
					{ "time": 0, "name": "matdo3_phai" }
				]
			},
			"matdo3_trai": {
				"color": [
					{ "time": 0, "color": "ffffff00", "curve": "stepped" },
					{ "time": 1.5, "color": "ffffff00" },
					{ "time": 1.7333, "color": "ffffffff" }
				],
				"attachment": [
					{ "time": 0, "name": "matdo3_trai" }
				]
			},
			"matdo5_phai": {
				"color": [
					{ "time": 0, "color": "ffffff00", "curve": "stepped" },
					{ "time": 1.5, "color": "ffffff00" },
					{ "time": 1.7333, "color": "ffffffff" }
				],
				"attachment": [
					{ "time": 0, "name": "matdo5_phai" }
				]
			},
			"matdo5_trai": {
				"color": [
					{ "time": 0, "color": "ffffff00", "curve": "stepped" },
					{ "time": 1.5, "color": "ffffff00" },
					{ "time": 1.7333, "color": "ffffffff" }
				],
				"attachment": [
					{ "time": 0, "name": "matdo5_trai" }
				]
			},
			"matdo6_phai": {
				"color": [
					{ "time": 0, "color": "ffffff00", "curve": "stepped" },
					{ "time": 1.5, "color": "ffffff00" },
					{ "time": 1.7333, "color": "ffffffff" }
				],
				"attachment": [
					{ "time": 0, "name": "matdo6_phai" }
				]
			},
			"matdo6_trai": {
				"color": [
					{ "time": 0, "color": "ffffff00", "curve": "stepped" },
					{ "time": 1.5, "color": "ffffff00" },
					{ "time": 1.7333, "color": "ffffffff" }
				],
				"attachment": [
					{ "time": 0, "name": "matdo6_trai" }
				]
			},
			"mi1": {
				"color": [
					{ "time": 0, "color": "ffffff00", "curve": "stepped" },
					{ "time": 0.3333, "color": "ffffff00", "curve": "stepped" },
					{ "time": 1.7333, "color": "ffffff00" },
					{ "time": 1.8333, "color": "ffffffff", "curve": "stepped" },
					{ "time": 2, "color": "ffffffff", "curve": "stepped" },
					{ "time": 2.1666, "color": "ffffffff", "curve": "stepped" },
					{ "time": 2.3333, "color": "ffffffff", "curve": "stepped" },
					{ "time": 2.4333, "color": "ffffffff" }
				],
				"attachment": [
					{ "time": 0, "name": "mi1" }
				]
			},
			"mi2": {
				"color": [
					{ "time": 0, "color": "ffffff00", "curve": "stepped" },
					{ "time": 0.3333, "color": "ffffff00", "curve": "stepped" },
					{ "time": 1.7333, "color": "ffffff00" },
					{ "time": 1.8333, "color": "ffffffff" },
					{ "time": 2, "color": "ffffff00", "curve": "stepped" },
					{ "time": 2.1666, "color": "ffffff00", "curve": "stepped" },
					{ "time": 2.3333, "color": "ffffff00" },
					{ "time": 2.3666, "color": "ffffffff", "curve": "stepped" },
					{ "time": 2.4333, "color": "ffffffff" }
				],
				"attachment": [
					{ "time": 0, "name": "mi2" }
				]
			},
			"mi3": {
				"color": [
					{ "time": 0, "color": "ffffff00", "curve": "stepped" },
					{ "time": 0.3333, "color": "ffffff00", "curve": "stepped" },
					{ "time": 1.5, "color": "ffffff00", "curve": "stepped" },
					{ "time": 1.7333, "color": "ffffff00" },
					{ "time": 1.8333, "color": "ffffffff" }
				],
				"attachment": [
					{ "time": 0, "name": "mi1" }
				]
			},
			"mi4": {
				"color": [
					{ "time": 0, "color": "ffffff00", "curve": "stepped" },
					{ "time": 0.3333, "color": "ffffff00", "curve": "stepped" },
					{ "time": 1.5, "color": "ffffff00", "curve": "stepped" },
					{ "time": 1.7333, "color": "ffffff00" },
					{ "time": 1.8333, "color": "ffffffff" }
				],
				"attachment": [
					{ "time": 0, "name": "mi2" }
				]
			},
			"mi5": {
				"color": [
					{ "time": 0, "color": "ffffff00", "curve": "stepped" },
					{ "time": 0.3333, "color": "ffffff00" }
				],
				"attachment": [
					{ "time": 0, "name": "mi2" }
				]
			},
			"mi6": {
				"color": [
					{ "time": 0, "color": "ffffff00", "curve": "stepped" },
					{ "time": 0.3333, "color": "ffffff00", "curve": "stepped" },
					{ "time": 1.5, "color": "ffffff00" },
					{ "time": 1.7333, "color": "ffffffff" }
				],
				"attachment": [
					{ "time": 0, "name": "mi1" }
				]
			},
			"mi7": {
				"color": [
					{ "time": 0, "color": "ffffff00", "curve": "stepped" },
					{ "time": 0.3333, "color": "ffffff00", "curve": "stepped" },
					{ "time": 1.7333, "color": "ffffff00" },
					{ "time": 1.8333, "color": "ffffffff" }
				],
				"attachment": [
					{ "time": 0, "name": "mi1" }
				]
			},
			"mi8": {
				"color": [
					{ "time": 0, "color": "ffffff00", "curve": "stepped" },
					{ "time": 0.3333, "color": "ffffff00", "curve": "stepped" },
					{ "time": 1.5, "color": "ffffff00" },
					{ "time": 1.7333, "color": "ffffffff" }
				],
				"attachment": [
					{ "time": 0, "name": "mi1" }
				]
			},
			"mi2b": {
				"color": [
					{ "time": 0, "color": "ffffff00", "curve": "stepped" },
					{ "time": 0.3333, "color": "ffffff00", "curve": "stepped" },
					{ "time": 1.7333, "color": "ffffff00" },
					{ "time": 1.8333, "color": "ffffffff" },
					{ "time": 2, "color": "ffffff00", "curve": "stepped" },
					{ "time": 2.1666, "color": "ffffff00", "curve": "stepped" },
					{ "time": 2.3333, "color": "ffffff00" },
					{ "time": 2.4333, "color": "ffffffff" },
					{ "time": 2.5333, "color": "ffffff00", "curve": "stepped" },
					{ "time": 2.6333, "color": "ffffff00" },
					{ "time": 2.7333, "color": "ffffffff" },
					{ "time": 2.8333, "color": "ffffff00" }
				],
				"attachment": [
					{ "time": 0, "name": "mi2b" }
				]
			},
			"mi2b2": {
				"color": [
					{ "time": 0, "color": "ffffff00", "curve": "stepped" },
					{ "time": 0.3333, "color": "ffffff00", "curve": "stepped" },
					{ "time": 1.7333, "color": "ffffff00" },
					{ "time": 1.8333, "color": "ffffffff" },
					{ "time": 2, "color": "ffffff00", "curve": "stepped" },
					{ "time": 2.1666, "color": "ffffff00", "curve": "stepped" },
					{ "time": 2.3333, "color": "ffffff00" },
					{ "time": 2.4333, "color": "ffffffff" },
					{ "time": 2.5333, "color": "ffffff00", "curve": "stepped" },
					{ "time": 2.6333, "color": "ffffff00" },
					{ "time": 2.7333, "color": "ffffffff" },
					{ "time": 2.8333, "color": "ffffff00" }
				],
				"attachment": [
					{ "time": 0, "name": "mi2b" }
				]
			},
			"rig_bg": {
				"color": [
					{ "time": 0, "color": "ffffff00", "curve": "stepped" },
					{ "time": 0.3333, "color": "ffffff00", "curve": "stepped" },
					{ "time": 3, "color": "ffffff00" }
				],
				"attachment": [
					{ "time": 0, "name": "rig_bg" }
				]
			},
			"rig_face": {
				"attachment": [
					{ "time": 0, "name": "rig_face" }
				]
			}
		},
		"bones": {
			"root": {
				"rotate": [
					{ "time": 0, "angle": 0 }
				],
				"translate": [
					{ "time": 0, "x": 0, "y": 0 }
				],
				"scale": [
					{ "time": 0, "x": 1, "y": 1 }
				]
			},
			"all": {
				"rotate": [
					{ "time": 0, "angle": 0, "curve": "stepped" },
					{ "time": 0.3333, "angle": 0, "curve": "stepped" },
					{ "time": 1.7333, "angle": 0, "curve": "stepped" },
					{ "time": 1.8333, "angle": 0, "curve": "stepped" },
					{ "time": 3, "angle": 0 }
				],
				"translate": [
					{ "time": 0, "x": 0, "y": 0, "curve": "stepped" },
					{ "time": 0.3333, "x": 0, "y": 0, "curve": "stepped" },
					{ "time": 1.7333, "x": 0, "y": 0, "curve": "stepped" },
					{ "time": 1.8333, "x": 0, "y": 0, "curve": "stepped" },
					{ "time": 3, "x": 0, "y": 0 }
				],
				"scale": [
					{ "time": 0, "x": 0.894, "y": 0.894, "curve": "stepped" },
					{ "time": 0.3333, "x": 0.894, "y": 0.894, "curve": "stepped" },
					{ "time": 1.7333, "x": 0.894, "y": 0.894 },
					{ "time": 1.8333, "x": 1.19, "y": 1.19, "curve": "stepped" },
					{ "time": 3, "x": 1.19, "y": 1.19 }
				],
				"shear": [
					{ "time": 0, "x": 0, "y": 0, "curve": "stepped" },
					{ "time": 0.3333, "x": 0, "y": 0, "curve": "stepped" },
					{ "time": 1.7333, "x": 0, "y": 0, "curve": "stepped" },
					{ "time": 1.8333, "x": 0, "y": 0, "curve": "stepped" },
					{ "time": 3, "x": 0, "y": 0 }
				]
			},
			"mi2b": {
				"rotate": [
					{ "time": 0, "angle": 0 }
				],
				"translate": [
					{ "time": 0, "x": 0, "y": 0 }
				],
				"scale": [
					{ "time": 0, "x": 1, "y": 1 }
				]
			},
			"mi2b2": {
				"rotate": [
					{ "time": 0, "angle": 0 }
				],
				"translate": [
					{ "time": 0, "x": 0, "y": 0 }
				],
				"scale": [
					{ "time": 0, "x": 1, "y": 1 }
				]
			},
			"mi6": {
				"rotate": [
					{ "time": 0, "angle": 0 }
				],
				"translate": [
					{ "time": 0, "x": 0, "y": 0 }
				],
				"scale": [
					{ "time": 0, "x": 1, "y": 1 }
				]
			},
			"mi7": {
				"rotate": [
					{ "time": 0, "angle": 0 }
				],
				"translate": [
					{ "time": 0, "x": 137.96, "y": 4.05, "curve": "stepped" },
					{ "time": 0.3333, "x": 137.96, "y": 4.05 }
				],
				"scale": [
					{ "time": 0, "x": 1, "y": 1 }
				]
			},
			"mi8": {
				"rotate": [
					{ "time": 0, "angle": 0 }
				],
				"translate": [
					{ "time": 0, "x": 0, "y": 0 }
				],
				"scale": [
					{ "time": 0, "x": 1, "y": 1 }
				]
			},
			"m1a2": {
				"rotate": [
					{ "time": 0, "angle": 0 }
				],
				"translate": [
					{ "time": 0, "x": 0, "y": 0 }
				],
				"scale": [
					{ "time": 0, "x": 1, "y": 1 }
				]
			},
			"m1a3": {
				"rotate": [
					{ "time": 0, "angle": 0 }
				],
				"translate": [
					{ "time": 0, "x": 0, "y": 0 }
				],
				"scale": [
					{ "time": 0, "x": 1, "y": 1 }
				]
			},
			"eyes": {
				"rotate": [
					{ "time": 0, "angle": 0 }
				],
				"translate": [
					{ "time": 0, "x": 0, "y": 0 }
				],
				"scale": [
					{ "time": 0, "x": 1, "y": 1 }
				]
			}
		},
		"deform": {
			"default": {
				"aotrum": {
					"aotrum": [
						{ "time": 0, "curve": "stepped" },
						{ "time": 3 }
					]
				},
				"m1a": {
					"m1a": [
						{
							"time": 0,
							"offset": 1,
							"vertices": [ -0.81387, 0, -0.81387 ],
							"curve": "stepped"
						},
						{
							"time": 0.3333,
							"offset": 1,
							"vertices": [ -0.81387, 0, -0.81387 ],
							"curve": "stepped"
						},
						{
							"time": 1.8333,
							"offset": 1,
							"vertices": [ -0.81387, 0, -0.81387 ]
						},
						{
							"time": 2,
							"vertices": [ -23.50844, 36.48014, 8.0E-5, 36.48014, 0, 0, -23.50853 ],
							"curve": "stepped"
						},
						{
							"time": 2.1666,
							"vertices": [ -23.50844, 36.48014, 8.0E-5, 36.48014, 0, 0, -23.50853 ],
							"curve": "stepped"
						},
						{
							"time": 2.3333,
							"vertices": [ -23.50844, 36.48014, 8.0E-5, 36.48014, 0, 0, -23.50853 ]
						},
						{
							"time": 2.4333,
							"offset": 1,
							"vertices": [ -0.81387, 0, -0.81387 ]
						},
						{
							"time": 2.5,
							"vertices": [ -23.50844, 36.48014, 8.0E-5, 36.48014, 0, 0, -23.50853 ],
							"curve": "stepped"
						},
						{
							"time": 2.6666,
							"vertices": [ -23.50844, 36.48014, 8.0E-5, 36.48014, 0, 0, -23.50853 ]
						},
						{
							"time": 2.7666,
							"offset": 1,
							"vertices": [ -0.81387, 0, -0.81387 ]
						},
						{
							"time": 2.8333,
							"vertices": [ -23.50844, 36.48014, 8.0E-5, 36.48014, 0, 0, -23.50853 ]
						}
					]
				},
				"m1a2": {
					"m1a": [
						{ "time": 0 },
						{
							"time": 1.8333,
							"offset": 1,
							"vertices": [ -1.97859, 6.0E-5, -1.97859 ]
						},
						{
							"time": 2,
							"vertices": [ -8.20937, 21.38787, 4.18655, 23.9701, 12.39592, 2.58223 ],
							"curve": "stepped"
						},
						{
							"time": 2.1666,
							"vertices": [ -8.20937, 21.38787, 4.18655, 23.9701, 12.39592, 2.58223 ],
							"curve": "stepped"
						},
						{
							"time": 2.3333,
							"vertices": [ -8.20937, 21.38787, 4.18655, 23.9701, 12.39592, 2.58223 ]
						},
						{
							"time": 2.4,
							"offset": 1,
							"vertices": [ -1.97859, 6.0E-5, -1.97859 ]
						},
						{
							"time": 2.5,
							"vertices": [ -8.20937, 21.38787, 4.18655, 23.9701, 12.39592, 2.58223 ],
							"curve": "stepped"
						},
						{
							"time": 2.6666,
							"vertices": [ -8.20937, 21.38787, 4.18655, 23.9701, 12.39592, 2.58223 ]
						},
						{
							"time": 2.7666,
							"offset": 1,
							"vertices": [ -1.97859, 6.0E-5, -1.97859 ]
						},
						{
							"time": 2.8666,
							"vertices": [ -8.20937, 21.38787, 4.18655, 23.9701, 12.39592, 2.58223 ]
						}
					]
				},
				"m1a3": {
					"m1a": [
						{ "time": 0 },
						{
							"time": 1.8333,
							"vertices": [ 4.2403, 2.70442, 0.4302, -7.23415, -4.2405, -4.04988, -0.43038, 5.88866 ]
						},
						{
							"time": 2,
							"vertices": [ 11.39314, 18.71476, 23.78907, 21.29699, 12.39592, 2.58223 ],
							"curve": "stepped"
						},
						{
							"time": 2.1666,
							"vertices": [ 11.39314, 18.71476, 23.78907, 21.29699, 12.39592, 2.58223 ],
							"curve": "stepped"
						},
						{
							"time": 2.3333,
							"vertices": [ 11.39314, 18.71476, 23.78907, 21.29699, 12.39592, 2.58223 ]
						},
						{
							"time": 2.4,
							"vertices": [ 4.2403, 2.70442, 0.4302, -7.23415, -4.2405, -4.04988, -0.43038, 5.88866 ]
						},
						{
							"time": 2.5,
							"vertices": [ 11.39314, 18.71476, 23.78907, 21.29699, 12.39592, 2.58223 ],
							"curve": "stepped"
						},
						{
							"time": 2.6666,
							"vertices": [ 11.39314, 18.71476, 23.78907, 21.29699, 12.39592, 2.58223 ]
						},
						{
							"time": 2.7666,
							"vertices": [ 4.2403, 2.70442, 0.4302, -7.23415, -4.2405, -4.04988, -0.43038, 5.88866 ]
						},
						{
							"time": 2.8666,
							"vertices": [ 11.39314, 18.71476, 23.78907, 21.29699, 12.39592, 2.58223 ]
						}
					]
				},
				"matdo1_phai": {
					"matdo1_phai": [
						{
							"time": 0,
							"offset": 1,
							"vertices": [ -2.525 ],
							"curve": "stepped"
						},
						{
							"time": 0.3333,
							"offset": 1,
							"vertices": [ -2.525 ],
							"curve": "stepped"
						},
						{
							"time": 2,
							"offset": 1,
							"vertices": [ -2.525 ],
							"curve": "stepped"
						},
						{
							"time": 2.1666,
							"offset": 1,
							"vertices": [ -2.525 ]
						},
						{
							"time": 2.2,
							"offset": 1,
							"vertices": [ -2.525, 0, 0, 0, 0, 0, 0, 0, 0, 0, 0, 0, 0, 0, 0, -10.00786, 0, -10.00786, 0, -10.00786, 0, -10.00786, 0, -10.00786, 0, -10.00786, 0, -10.00786, 0, -10.00786, 0, -10.00786, 0, -10.00786 ]
						},
						{
							"time": 2.2666,
							"offset": 1,
							"vertices": [ -2.525, 0, 0, 0, 0, 0, 0, 0, 0, 0, 0, 0, 0, 0, 0, 17.5029, 0, 17.5029, 0, 17.5029, 0, 11.84766, 0, 8.21216, 0, 8.21216, 0, 17.5029, 0, 8.21216, 0, 14.67529, 0, 9.02003 ],
							"curve": "stepped"
						},
						{
							"time": 2.6,
							"offset": 1,
							"vertices": [ -2.525, 0, 0, 0, 0, 0, 0, 0, 0, 0, 0, 0, 0, 0, 0, 17.5029, 0, 17.5029, 0, 17.5029, 0, 11.84766, 0, 8.21216, 0, 8.21216, 0, 17.5029, 0, 8.21216, 0, 14.67529, 0, 9.02003 ]
						},
						{
							"time": 2.6333,
							"offset": 1,
							"vertices": [ -2.525, 0, 0, 0, 0, 0, 0, 0, 0, 0, 0, 0, 0, 0, 0, -11.51529, 0, -11.11134, 0, -8.68768, 0, -14.74686, 0, -14.74686, 0, -14.74686, 0, -11.91924, 0, -14.74686, 0, -14.74686, 0, -14.74686 ],
							"curve": "stepped"
						},
						{
							"time": 2.7666,
							"offset": 1,
							"vertices": [ -2.525, 0, 0, 0, 0, 0, 0, 0, 0, 0, 0, 0, 0, 0, 0, -11.51529, 0, -11.11134, 0, -8.68768, 0, -14.74686, 0, -14.74686, 0, -14.74686, 0, -11.91924, 0, -14.74686, 0, -14.74686, 0, -14.74686 ]
						},
						{
							"time": 2.8,
							"offset": 1,
							"vertices": [ -2.525 ],
							"curve": "stepped"
						},
						{
							"time": 3,
							"offset": 1,
							"vertices": [ -2.525 ]
						}
					]
				},
				"matdo1_trai": {
					"matdo1_trai": [
						{ "time": 0 },
						{
							"time": 2,
							"offset": 5,
							"vertices": [ -0.46104 ],
							"curve": "stepped"
						},
						{
							"time": 2.1666,
							"offset": 5,
							"vertices": [ -0.46104 ]
						},
						{
							"time": 2.2,
							"offset": 5,
							"vertices": [ -0.46104, 0, 0, 0, 0, 0, 0, 0, 0, 0, 0, 0, 0, 0, 0, 0, 0, 0, 0, 0, 0, 0, 0, 0, 0, -10.55798, 0, -10.55798, 0, -10.55798, 0, -10.55798, 0, -10.55798, 0, -10.55798, 0, -10.55798, 0, -10.55798, 0, -10.55798, 0, -10.55798, 0, -10.55798 ]
						},
						{
							"time": 2.2666,
							"offset": 5,
							"vertices": [ -0.46104, 0, 0, 0, 0, 0, 0, 0, 0, 0, 0, 0, 0, 0, 0, 0, 0, 0, 0, 0, 0, 0, 0, 0, 0, 10.04074, 0, 10.04074, 0, 10.04074, 0, 10.04074, 0, 10.04074, 0, 10.04074, 0, 10.04074, 0, 10.04074, 0, 10.04074, 0, 10.04074, 0, 10.04074 ],
							"curve": "stepped"
						},
						{
							"time": 2.6,
							"offset": 5,
							"vertices": [ -0.46104, 0, 0, 0, 0, 0, 0, 0, 0, 0, 0, 0, 0, 0, 0, 0, 0, 0, 0, 0, 0, 0, 0, 0, 0, 10.04074, 0, 10.04074, 0, 10.04074, 0, 10.04074, 0, 10.04074, 0, 10.04074, 0, 10.04074, 0, 10.04074, 0, 10.04074, 0, 10.04074, 0, 10.04074 ]
						},
						{
							"time": 2.6333,
							"offset": 5,
							"vertices": [ -0.46104, 0, 0, 0, 0, 0, 0, 0, 0, 0, 0, 0, 0, 0, 0, 0, 0, 0, 0, 0, 0, 0, 0, 0, 0, -10.55798, 0, -10.55798, 0, -10.55798, 0, -10.55798, 0, -10.55798, 0, -10.55798, 0, -10.55798, 0, -10.55798, 0, -10.55798, 0, -10.55798, 0, -10.55798 ],
							"curve": "stepped"
						},
						{
							"time": 2.7666,
							"offset": 5,
							"vertices": [ -0.46104, 0, 0, 0, 0, 0, 0, 0, 0, 0, 0, 0, 0, 0, 0, 0, 0, 0, 0, 0, 0, 0, 0, 0, 0, -10.55798, 0, -10.55798, 0, -10.55798, 0, -10.55798, 0, -10.55798, 0, -10.55798, 0, -10.55798, 0, -10.55798, 0, -10.55798, 0, -10.55798, 0, -10.55798 ]
						},
						{
							"time": 2.8,
							"offset": 5,
							"vertices": [ -0.46104 ]
						}
					]
				},
				"matdo2_phai": {
					"matdo2_phai": [
						{
							"time": 0,
							"offset": 22,
							"vertices": [ -0.66679 ],
							"curve": "stepped"
						},
						{
							"time": 0.3333,
							"offset": 22,
							"vertices": [ -0.66679 ],
							"curve": "stepped"
						},
						{
							"time": 2,
							"offset": 22,
							"vertices": [ -0.66679 ],
							"curve": "stepped"
						},
						{
							"time": 2.1666,
							"offset": 22,
							"vertices": [ -0.66679 ]
						},
						{
							"time": 2.2,
							"offset": 22,
							"vertices": [ -0.66679, 0, -6.83764, 0, -6.83764, 0, -6.83764, 0, -6.83764, 0, -6.83764, 0, -6.83764, 0, -6.83764, 0, -6.83764, 0, -6.83764, 0, -6.83764, 0, -6.83764, 0, -6.83764 ]
						},
						{
							"time": 2.3333,
							"offset": 22,
							"vertices": [ -0.66679, 0, 4.2108, 0, 4.2108, 0, 4.2108, 0, 4.2108, 0, 4.2108, 0, 4.2108, 0, 4.2108, 0, 4.2108, 0, 4.2108, 0, 4.2108, 0, 4.2108, 0, 4.2108 ],
							"curve": "stepped"
						},
						{
							"time": 2.6,
							"offset": 22,
							"vertices": [ -0.66679, 0, 4.2108, 0, 4.2108, 0, 4.2108, 0, 4.2108, 0, 4.2108, 0, 4.2108, 0, 4.2108, 0, 4.2108, 0, 4.2108, 0, 4.2108, 0, 4.2108, 0, 4.2108 ]
						},
						{
							"time": 2.6333,
							"offset": 22,
							"vertices": [ -0.66679, 0, -4.29557, 0, -4.29557, 0, -4.29557, 0, -4.29557, 0, -4.29557, 0, -4.29557, 0, -4.29557, 0, -4.29557, 0, -4.29557, 0, -4.29557, 0, -4.29557, 0, -4.29557 ],
							"curve": "stepped"
						},
						{
							"time": 2.7666,
							"offset": 22,
							"vertices": [ -0.66679, 0, -4.29557, 0, -4.29557, 0, -4.29557, 0, -4.29557, 0, -4.29557, 0, -4.29557, 0, -4.29557, 0, -4.29557, 0, -4.29557, 0, -4.29557, 0, -4.29557, 0, -4.29557 ]
						},
						{
							"time": 2.8333,
							"offset": 22,
							"vertices": [ -0.66679 ]
						}
					]
				},
				"matdo2_trai": {
					"matdo2_trai": [
						{
							"time": 0,
							"offset": 15,
							"vertices": [ -0.33845 ],
							"curve": "stepped"
						},
						{
							"time": 0.3333,
							"offset": 15,
							"vertices": [ -0.33845 ],
							"curve": "stepped"
						},
						{
							"time": 2,
							"offset": 15,
							"vertices": [ -0.33845 ],
							"curve": "stepped"
						},
						{
							"time": 2.1666,
							"offset": 15,
							"vertices": [ -0.33845 ]
						},
						{
							"time": 2.2,
							"offset": 15,
							"vertices": [ -0.33845, 0, 0, 0, 0, 0, 0, -3.87731, 0, -3.87731, 0, -3.87731, 0, -3.87731, 0, -3.87731, 0, -3.87731, 0, -3.87731, 0, -3.87731, 0, -3.87731, 0, -3.87731, 0, -3.87731, 0, -3.87731 ]
						},
						{
							"time": 2.3333,
							"offset": 15,
							"vertices": [ -0.33845, 0, -0.54672, 0, 0, 0, 0, 4.77014, 0, 4.77014, 0, 4.77014, 0, 4.77014, 0, 4.77014, 0, 4.77014, 0, 4.77014, 0, 4.77014, 0, 4.77014, 0, 4.77014, 0, 4.77014, 0, 4.77014 ]
						},
						{
							"time": 2.6666,
							"offset": 15,
							"vertices": [ -0.33845, 0, 0, 0, 0, 0, 0, 4.77014, 0, 4.77014, 0, 4.77014, 0, 4.77014, 0, 4.77014, 0, 4.77014, 0, 4.77014, 0, 4.77014, 0, 4.77014, 0, 4.77014, 0, 4.77014, 0, 4.77014 ]
						},
						{
							"time": 2.7,
							"offset": 15,
							"vertices": [ -0.33845, 0, 0, 0, 0, 0, 0, -4.17547, 0, -4.17547, 0, -4.17547, 0, -4.17547, 0, -4.17547, 0, -4.17547, 0, -4.17547, 0, -4.17547, 0, -4.17547, 0, -4.17547, 0, -4.17547, 0, -4.17547 ],
							"curve": "stepped"
						},
						{
							"time": 2.8666,
							"offset": 15,
							"vertices": [ -0.33845, 0, 0, 0, 0, 0, 0, -4.17547, 0, -4.17547, 0, -4.17547, 0, -4.17547, 0, -4.17547, 0, -4.17547, 0, -4.17547, 0, -4.17547, 0, -4.17547, 0, -4.17547, 0, -4.17547, 0, -4.17547 ]
						},
						{
							"time": 2.9,
							"offset": 15,
							"vertices": [ -0.33845 ],
							"curve": "stepped"
						},
						{
							"time": 3,
							"offset": 15,
							"vertices": [ -0.33845 ]
						}
					]
				},
				"matdo3_phai": {
					"matdo3_phai": [
						{ "time": 0, "curve": "stepped" },
						{ "time": 0.3333, "curve": "stepped" },
						{ "time": 2, "curve": "stepped" },
						{ "time": 2.1666 },
						{
							"time": 2.2,
							"offset": 22,
							"vertices": [ -2.88218, -0.24018, -2.88218, -0.24018, -2.88218, -0.24018, -2.88218, -0.24018, -2.88218, -0.24018, -2.88218, -0.24018, -2.88218, -0.24018, -2.88218, -0.24018, -2.88218, -0.24018, -2.88218, -0.24018, -2.88218, -0.24018, -2.88218, -0.24018 ]
						},
						{
							"time": 2.3333,
							"offset": 22,
							"vertices": [ 0.72058, 0.96075, 0.72058, 0.96075, 0.72058, 0.96075, 0.72058, 0.96075, 0.72058, 0.96075, 0.72058, 0.96075, 0.72058, 0.96075, 0.72058, 0.96075, 0.72058, 0.96075, 0.72058, 0.96075, 0.72058, 0.96075, 0.72058, 0.96075 ],
							"curve": "stepped"
						},
						{
							"time": 2.6,
							"offset": 22,
							"vertices": [ 0.72058, 0.96075, 0.72058, 0.96075, 0.72058, 0.96075, 0.72058, 0.96075, 0.72058, 0.96075, 0.72058, 0.96075, 0.72058, 0.96075, 0.72058, 0.96075, 0.72058, 0.96075, 0.72058, 0.96075, 0.72058, 0.96075, 0.72058, 0.96075 ]
						},
						{
							"time": 2.6333,
							"offset": 22,
							"vertices": [ -2.88212, -0.96069, -2.88212, -0.96069, -2.88212, -0.96069, -2.88212, -0.96069, -2.88212, -0.96069, -2.88212, -0.96069, -2.88212, -0.96069, -2.88212, -0.96069, -2.88212, -0.96069, -2.88212, -0.96069, -2.88212, -0.96069, -2.88212, -0.96069 ],
							"curve": "stepped"
						},
						{
							"time": 2.8,
							"offset": 22,
							"vertices": [ -2.88212, -0.96069, -2.88212, -0.96069, -2.88212, -0.96069, -2.88212, -0.96069, -2.88212, -0.96069, -2.88212, -0.96069, -2.88212, -0.96069, -2.88212, -0.96069, -2.88212, -0.96069, -2.88212, -0.96069, -2.88212, -0.96069, -2.88212, -0.96069 ]
						},
						{ "time": 2.8333 }
					]
				},
				"matdo3_trai": {
					"matdo3_trai": [
						{
							"time": 0,
							"offset": 12,
							"vertices": [ 0.90527, 0, 0, 0, 0, 0, 0, 0, 0, 0, 0.36783 ],
							"curve": "stepped"
						},
						{
							"time": 0.3333,
							"offset": 12,
							"vertices": [ 0.90527, 0, 0, 0, 0, 0, 0, 0, 0, 0, 0.36783 ],
							"curve": "stepped"
						},
						{
							"time": 2,
							"offset": 12,
							"vertices": [ 0.90527, 0, 0, 0, 0, 0, 0, 0, 0, 0, 0.36783 ],
							"curve": "stepped"
						},
						{
							"time": 2.1666,
							"offset": 12,
							"vertices": [ 0.90527, 0, 0, 0, 0, 0, 0, 0, 0, 0, 0.36783 ]
						},
						{
							"time": 2.2,
							"offset": 12,
							"vertices": [ 0.90527, 0, 0, 0, 0, 0, 0, 0, 0, 0, 0, 0, -3.7623, 0, -3.7623, 0, -3.7623, 0, -3.7623, 0, -3.7623, 0, -3.7623, 0, -3.7623, 0, -3.7623, 0, -3.7623, 0, -3.7623, 0, -3.7623, 0, -3.7623, 0, -3.7623 ]
						},
						{
							"time": 2.3333,
							"offset": 12,
							"vertices": [ 0.90527, 0, 0, 0, 0, 0, 0, 0, 0, 0, 0, 0, 1.60742, 0, 1.60742, 0, 1.60742, 0, 1.60742, 0, 1.60742, 0, 1.60742, 0, 1.60742, 0, 1.60742, 0, 1.60742, 0, 1.60742, 0, 1.60742, 0, 1.60742, 0, 1.60742 ],
							"curve": "stepped"
						},
						{
							"time": 2.6,
							"offset": 12,
							"vertices": [ 0.90527, 0, 0, 0, 0, 0, 0, 0, 0, 0, 0, 0, 1.60742, 0, 1.60742, 0, 1.60742, 0, 1.60742, 0, 1.60742, 0, 1.60742, 0, 1.60742, 0, 1.60742, 0, 1.60742, 0, 1.60742, 0, 1.60742, 0, 1.60742, 0, 1.60742 ]
						},
						{
							"time": 2.6666,
							"offset": 12,
							"vertices": [ 0.90527, 0, 0, 0, 0, 0, 0, 0, 0, 0, 0, 0, -3.7623, 0, -3.7623, 0, -3.7623, 0, -3.7623, 0, -3.7623, 0, -3.7623, 0, -3.7623, 0, -3.7623, 0, -3.7623, 0, -3.7623, 0, -3.7623, 0, -3.7623, 0, -3.7623 ],
							"curve": "stepped"
						},
						{
							"time": 2.7666,
							"offset": 12,
							"vertices": [ 0.90527, 0, 0, 0, 0, 0, 0, 0, 0, 0, 0, 0, -3.7623, 0, -3.7623, 0, -3.7623, 0, -3.7623, 0, -3.7623, 0, -3.7623, 0, -3.7623, 0, -3.7623, 0, -3.7623, 0, -3.7623, 0, -3.7623, 0, -3.7623, 0, -3.7623 ]
						},
						{
							"time": 2.8333,
							"offset": 12,
							"vertices": [ 0.90527, 0, 0, 0, 0, 0, 0, 0, 0, 0, 0.36783 ],
							"curve": "stepped"
						},
						{
							"time": 3,
							"offset": 12,
							"vertices": [ 0.90527, 0, 0, 0, 0, 0, 0, 0, 0, 0, 0.36783 ]
						}
					]
				},
				"matdo5_phai": {
					"matdo5_phai": [
						{
							"time": 0,
							"offset": 20,
							"vertices": [ -0.39384 ],
							"curve": "stepped"
						},
						{
							"time": 0.3333,
							"offset": 20,
							"vertices": [ -0.39384 ],
							"curve": "stepped"
						},
						{
							"time": 2,
							"offset": 20,
							"vertices": [ -0.39384 ],
							"curve": "stepped"
						},
						{
							"time": 2.1666,
							"offset": 20,
							"vertices": [ -0.39384 ]
						},
						{
							"time": 2.2,
							"offset": 20,
							"vertices": [ -0.39384, 0, -4.19978, 0, -4.19978, 0, -4.19978, 0, -4.19978, 0, -4.19978, 0, -4.19978, 0, -4.19978, 0, -4.19978 ]
						},
						{
							"time": 2.3333,
							"offset": 20,
							"vertices": [ -0.39384, 0, 5.73084, 0, 5.73084, 0, 5.73084, 0, 5.73084, 0, 5.73084, 0, 5.73084, 0, 5.73084, 0, 5.73084 ],
							"curve": "stepped"
						},
						{
							"time": 2.6,
							"offset": 20,
							"vertices": [ -0.39384, 0, 5.73084, 0, 5.73084, 0, 5.73084, 0, 5.73084, 0, 5.73084, 0, 5.73084, 0, 5.73084, 0, 5.73084 ]
						},
						{
							"time": 2.6333,
							"offset": 20,
							"vertices": [ -0.39384, 0, -4.60353, -1.75015, -4.60353, -1.75015, -4.60353, -1.75015, -4.60353, -1.75015, -4.60353, -1.75015, -4.60353, -1.75015, -4.60353, -1.75015, -4.60353, -1.75015 ],
							"curve": "stepped"
						},
						{
							"time": 2.7666,
							"offset": 20,
							"vertices": [ -0.39384, 0, -4.60353, -1.75015, -4.60353, -1.75015, -4.60353, -1.75015, -4.60353, -1.75015, -4.60353, -1.75015, -4.60353, -1.75015, -4.60353, -1.75015, -4.60353, -1.75015 ]
						},
						{
							"time": 2.8333,
							"offset": 20,
							"vertices": [ -0.39384, 0, 0.87507, -0.87507, 0.87507, -0.87507, 0.87507, -0.87507, 0.87507, -0.87507, 0.87507, -0.87507, 0.87507, -0.87507, 0.87507, -0.87507, 0.87507, -0.87507 ]
						}
					]
				},
				"matdo5_trai": {
					"matdo5_trai": [
						{ "time": 0, "curve": "stepped" },
						{ "time": 0.3333, "curve": "stepped" },
						{ "time": 2, "curve": "stepped" },
						{ "time": 2.1666 },
						{
							"time": 2.2,
							"offset": 22,
							"vertices": [ -8.4022, 0, -8.4022, 0, -8.4022, 0, -8.4022, 0, -8.4022, 0, -8.4022, 0, -8.4022, 0, -8.4022, 0, -8.4022, 0, -8.4022, 0, -8.4022, 0, -8.4022, 0, -8.4022 ]
						},
						{
							"time": 2.3333,
							"offset": 22,
							"vertices": [ 6.95358, 0, 6.95358, 0, 6.95358, 0, 6.95358, 0, 6.95358, 0, 6.95358, 0, 6.95358, 0, 6.95358, 0, 6.95358, 0, 6.95358, 0, 6.95358, 0, 6.95358, 0, 6.95358 ],
							"curve": "stepped"
						},
						{
							"time": 2.6666,
							"offset": 22,
							"vertices": [ 6.95358, 0, 6.95358, 0, 6.95358, 0, 6.95358, 0, 6.95358, 0, 6.95358, 0, 6.95358, 0, 6.95358, 0, 6.95358, 0, 6.95358, 0, 6.95358, 0, 6.95358, 0, 6.95358 ]
						},
						{
							"time": 2.7333,
							"offset": 22,
							"vertices": [ -9.85081, 0, -9.85081, 0, -9.85081, 0, -9.85081, 0, -9.85081, 0, -9.85081, 0, -9.85081, 0, -9.85081, 0, -9.85081, 0, -9.85081, 0, -9.85081, 0, -9.85081, 0, -9.85081 ],
							"curve": "stepped"
						},
						{
							"time": 2.8333,
							"offset": 22,
							"vertices": [ -9.85081, 0, -9.85081, 0, -9.85081, 0, -9.85081, 0, -9.85081, 0, -9.85081, 0, -9.85081, 0, -9.85081, 0, -9.85081, 0, -9.85081, 0, -9.85081, 0, -9.85081, 0, -9.85081 ]
						},
						{ "time": 2.9 }
					]
				},
				"matdo6_phai": {
					"matdo6_phai": [
						{
							"time": 0,
							"offset": 26,
							"vertices": [ -1.74091 ],
							"curve": "stepped"
						},
						{
							"time": 0.3333,
							"offset": 26,
							"vertices": [ -1.74091 ],
							"curve": "stepped"
						},
						{
							"time": 1.8333,
							"offset": 26,
							"vertices": [ -1.74091 ],
							"curve": "stepped"
						},
						{
							"time": 2,
							"offset": 26,
							"vertices": [ -1.74091 ],
							"curve": "stepped"
						},
						{
							"time": 2.1666,
							"offset": 26,
							"vertices": [ -1.74091 ]
						},
						{
							"time": 2.2,
							"offset": 26,
							"vertices": [ -1.74091, 0, -5.51747, 0, -5.51747, 0, -5.51747, 0, -5.51747, 0, -5.51747, 0, -5.51747, 0, -5.51747, 0, -5.51747, 0, -5.51747, 0, -5.51747, 0, -5.51747, 0, -5.51747 ]
						},
						{
							"time": 2.3333,
							"offset": 26,
							"vertices": [ -1.74091, 0, 2.79657, 0, 2.79657, 0, 2.79657, 0, 2.79657, 0, 2.79657, 0, 2.79657, 0, 2.79657, 0, 2.79657, 0, 2.79657, 0, 2.79657, 0, 2.79657, 0, 2.79657 ],
							"curve": "stepped"
						},
						{
							"time": 2.6666,
							"offset": 26,
							"vertices": [ -1.74091, 0, 2.79657, 0, 2.79657, 0, 2.79657, 0, 2.79657, 0, 2.79657, 0, 2.79657, 0, 2.79657, 0, 2.79657, 0, 2.79657, 0, 2.79657, 0, 2.79657, 0, 2.79657 ]
						},
						{
							"time": 2.7,
							"offset": 26,
							"vertices": [ -1.74091, 0, -5.51747, 0, -5.51747, 0, -5.51747, 0, -5.51747, 0, -5.51747, 0, -5.51747, 0, -5.51747, 0, -5.51747, 0, -5.51747, 0, -5.51747, 0, -5.51747, 0, -5.51747 ],
							"curve": "stepped"
						},
						{
							"time": 2.8333,
							"offset": 26,
							"vertices": [ -1.74091, 0, -5.51747, 0, -5.51747, 0, -5.51747, 0, -5.51747, 0, -5.51747, 0, -5.51747, 0, -5.51747, 0, -5.51747, 0, -5.51747, 0, -5.51747, 0, -5.51747, 0, -5.51747 ]
						},
						{
							"time": 2.9,
							"offset": 26,
							"vertices": [ -1.74091 ],
							"curve": "stepped"
						},
						{
							"time": 3,
							"offset": 26,
							"vertices": [ -1.74091 ]
						}
					]
				},
				"matdo6_trai": {
					"matdo6_trai": [
						{
							"time": 0,
							"offset": 18,
							"vertices": [ -0.67937 ],
							"curve": "stepped"
						},
						{
							"time": 0.3333,
							"offset": 18,
							"vertices": [ -0.67937 ],
							"curve": "stepped"
						},
						{
							"time": 2,
							"offset": 18,
							"vertices": [ -0.67937 ],
							"curve": "stepped"
						},
						{
							"time": 2.1666,
							"offset": 18,
							"vertices": [ -0.67937 ]
						},
						{
							"time": 2.2,
							"offset": 18,
							"vertices": [ -0.67937, 0, -5.44696, 0, -5.44696, 0, -5.44696, 0, -5.44696, 0, -5.44696, 0, -5.44696, 0, -5.44696, 0, -5.44696, 0, -5.44696, 0, -5.44696, 0, -5.44696, 0, -5.44696, 0, -5.44696, 0, -5.44696 ]
						},
						{
							"time": 2.3333,
							"offset": 18,
							"vertices": [ -0.67937, 0, 5.054, 0, 5.054, 0, 5.054, 0, 5.054, 0, 5.054, 0, 5.054, 0, 5.054, 0, 5.054, 0, 5.054, 0, 5.054, 0, 5.054, 0, 5.054, 0, 5.054, 0, 5.054 ],
							"curve": "stepped"
						},
						{
							"time": 2.6666,
							"offset": 18,
							"vertices": [ -0.67937, 0, 5.054, 0, 5.054, 0, 5.054, 0, 5.054, 0, 5.054, 0, 5.054, 0, 5.054, 0, 5.054, 0, 5.054, 0, 5.054, 0, 5.054, 0, 5.054, 0, 5.054, 0, 5.054 ]
						},
						{
							"time": 2.7,
							"offset": 18,
							"vertices": [ -0.67937, 0, -10.45206, 0, -10.45206, 0, -10.45206, 0, -10.45206, 0, -10.45206, 0, -10.45206, 0, -10.45206, 0, -10.45206, 0, -10.45206, 0, -10.45206, 0, -10.45206, 0, -10.45206, 0, -10.45206, 0, -10.45206 ],
							"curve": "stepped"
						},
						{
							"time": 2.8666,
							"offset": 18,
							"vertices": [ -0.67937, 0, -10.45206, 0, -10.45206, 0, -10.45206, 0, -10.45206, 0, -10.45206, 0, -10.45206, 0, -10.45206, 0, -10.45206, 0, -10.45206, 0, -10.45206, 0, -10.45206, 0, -10.45206, 0, -10.45206, 0, -10.45206 ]
						},
						{
							"time": 2.9,
							"offset": 18,
							"vertices": [ -0.67937 ]
						}
					]
				},
				"mi1": {
					"mi1": [
						{
							"time": 0,
							"offset": 1,
							"vertices": [ 0.87339, 0, 0.87339 ],
							"curve": "stepped"
						},
						{
							"time": 0.3333,
							"offset": 1,
							"vertices": [ 0.87339, 0, 0.87339 ],
							"curve": "stepped"
						},
						{
							"time": 1.8333,
							"offset": 1,
							"vertices": [ 0.87339, 0, 0.87339 ]
						},
						{
							"time": 2,
							"vertices": [ -41.0863, 47.60002, 41.08669, 47.60002, 41.08652, 0, -41.08648 ],
							"curve": "stepped"
						},
						{
							"time": 2.1666,
							"vertices": [ -41.0863, 47.60002, 41.08669, 47.60002, 41.08652, 0, -41.08648 ],
							"curve": "stepped"
						},
						{
							"time": 2.3333,
							"vertices": [ -41.0863, 47.60002, 41.08669, 47.60002, 41.08652, 0, -41.08648 ]
						},
						{
							"time": 2.4,
							"offset": 1,
							"vertices": [ 0.87339, 0, 0.87339 ]
						},
						{
							"time": 2.5,
							"vertices": [ -41.0863, 47.60002, 41.08669, 47.60002, 41.08652, 0, -41.08648 ],
							"curve": "stepped"
						},
						{
							"time": 2.6666,
							"vertices": [ -41.0863, 47.60002, 41.08669, 47.60002, 41.08652, 0, -41.08648 ]
						},
						{
							"time": 2.7666,
							"offset": 1,
							"vertices": [ 0.87339, 0, 0.87339 ]
						},
						{
							"time": 2.8666,
							"vertices": [ -41.0863, 47.60002, 41.08669, 47.60002, 41.08652, 0, -41.08648 ]
						}
					]
				},
				"mi2": {
					"mi2": [
						{ "time": 0 },
						{
							"time": 1.8333,
							"offset": 1,
							"vertices": [ 0.4367, 0, 0.4367 ]
						},
						{
							"time": 2,
							"vertices": [ 3.60124, -41.19706, -46.95482, -41.19706, -46.95491, -9.75511, 3.60115, -9.75511 ],
							"curve": "stepped"
						},
						{
							"time": 2.1666,
							"vertices": [ 3.60124, -41.19706, -46.95482, -41.19706, -46.95491, -9.75511, 3.60115, -9.75511 ],
							"curve": "stepped"
						},
						{
							"time": 2.3333,
							"vertices": [ 3.60124, -41.19706, -46.95482, -41.19706, -46.95491, -9.75511, 3.60115, -9.75511 ]
						},
						{
							"time": 2.4,
							"offset": 1,
							"vertices": [ 0.4367, 0, 0.4367 ]
						},
						{
							"time": 2.5,
							"vertices": [ 3.60124, -41.19706, -46.95482, -41.19706, -46.95491, -9.75511, 3.60115, -9.75511 ],
							"curve": "stepped"
						},
						{
							"time": 2.6666,
							"vertices": [ 3.60124, -41.19706, -46.95482, -41.19706, -46.95491, -9.75511, 3.60115, -9.75511 ]
						},
						{
							"time": 2.7666,
							"offset": 1,
							"vertices": [ 1.38763, 1.8E-4, 1.38763 ]
						},
						{
							"time": 2.8666,
							"vertices": [ 23.11146, -31.44195, -27.44458, -31.44195, -27.44466, 0, 23.11138 ]
						},
						{
							"time": 2.9,
							"vertices": [ 3.60124, -41.19706, -46.95482, -41.19706, -46.95491, -9.75511, 3.60115, -9.75511 ]
						}
					]
				},
				"mi3": {
					"mi1": [
						{ "time": 0 },
						{
							"time": 1.8333,
							"offset": 1,
							"vertices": [ 0.87339, 0, 0.87339 ]
						},
						{
							"time": 2,
							"vertices": [ -50.71546, 47.60002, 54.40423, 47.60002, 54.40406, 0, -50.71563 ],
							"curve": "stepped"
						},
						{
							"time": 2.1666,
							"vertices": [ -50.71546, 47.60002, 54.40423, 47.60002, 54.40406, 0, -50.71563 ],
							"curve": "stepped"
						},
						{
							"time": 2.3333,
							"vertices": [ -50.71546, 47.60002, 54.40423, 47.60002, 54.40406, 0, -50.71563 ]
						},
						{
							"time": 2.4,
							"offset": 1,
							"vertices": [ -0.67099, 1.0E-5, -0.67099, 0, -1.54438, 0, -1.54438 ]
						},
						{
							"time": 2.5,
							"vertices": [ -50.71546, 47.60002, 54.40423, 47.60002, 54.40406, 0, -50.71563 ],
							"curve": "stepped"
						},
						{
							"time": 2.6666,
							"vertices": [ -50.71546, 47.60002, 54.40423, 47.60002, 54.40406, 0, -50.71563 ]
						},
						{
							"time": 2.7666,
							"offset": 1,
							"vertices": [ -0.67099, 1.0E-5, -0.67099, 0, -1.54438, 0, -1.54438 ]
						},
						{
							"time": 2.8333,
							"vertices": [ -50.71546, 47.60002, 54.40423, 47.60002, 54.40406, 0, -50.71563 ]
						}
					]
				},
				"mi4": {
					"mi2": [
						{ "time": 0 },
						{
							"time": 1.8333,
							"offset": 1,
							"vertices": [ 4.55509, 1.0E-5, 4.55509, 0, -2.05918, 0, -2.05918 ]
						},
						{
							"time": 2,
							"vertices": [ 48.65834, -42.69528, 10.69087, -42.69528, 10.69078, -11.25332, 48.65825, -11.25332 ],
							"curve": "stepped"
						},
						{
							"time": 2.1666,
							"vertices": [ 48.65834, -42.69528, 10.69087, -42.69528, 10.69078, -11.25332, 48.65825, -11.25332 ],
							"curve": "stepped"
						},
						{
							"time": 2.3333,
							"vertices": [ 48.65834, -42.69528, 10.69087, -42.69528, 10.69078, -11.25332, 48.65825, -11.25332 ]
						},
						{
							"time": 2.4,
							"offset": 1,
							"vertices": [ 0.95158, 2.0E-5, 0.95158, 0, -3.08876, 0, -3.08876 ]
						},
						{
							"time": 2.5,
							"vertices": [ 48.65834, -42.69528, 10.69087, -42.69528, 10.69078, -11.25332, 48.65825, -11.25332 ],
							"curve": "stepped"
						},
						{
							"time": 2.6666,
							"vertices": [ 48.65834, -42.69528, 10.69087, -42.69528, 10.69078, -11.25332, 48.65825, -11.25332 ]
						},
						{
							"time": 2.7666,
							"offset": 1,
							"vertices": [ 0.95158, 2.0E-5, 0.95158, 0, -3.08876, 0, -3.08876 ]
						},
						{
							"time": 2.8333,
							"vertices": [ 48.65834, -42.69528, 10.69087, -42.69528, 10.69078, -11.25332, 48.65825, -11.25332 ]
						}
					]
				},
				"mi5": {
					"mi2": [
						{
							"time": 0,
							"vertices": [ 8.25036, 0, 8.25036, 0, 8.25036, 0, 8.25036 ],
							"curve": "stepped"
						},
						{
							"time": 0.3333,
							"vertices": [ 8.25036, 0, 8.25036, 0, 8.25036, 0, 8.25036 ],
							"curve": "stepped"
						},
						{
							"time": 1.8333,
							"vertices": [ 8.25036, 0, 8.25036, 0, 8.25036, 0, 8.25036 ]
						},
						{
							"time": 2,
							"vertices": [ 8.25039, -17.21595, 8.25039, -17.21595, 8.25036, 0, 8.25036 ],
							"curve": "stepped"
						},
						{
							"time": 2.1666,
							"vertices": [ 8.25039, -17.21595, 8.25039, -17.21595, 8.25036, 0, 8.25036 ],
							"curve": "stepped"
						},
						{
							"time": 2.7666,
							"vertices": [ 8.25039, -17.21595, 8.25039, -17.21595, 8.25036, 0, 8.25036 ]
						},
						{
							"time": 2.8333,
							"vertices": [ 8.25044, 14.03743, 8.25044, 14.03743, 8.25036, 0, 8.25036 ]
						},
						{
							"time": 2.9333,
							"vertices": [ 8.25039, -17.21595, 8.25039, -17.21595, 8.25036, 0, 8.25036 ]
						}
					]
				},
				"mi6": {
					"mi1": [
						{
							"time": 0,
							"vertices": [ 5.50917, 27.47836, 5.50917, 27.47836, 5.5091, -2.13305, 5.5091, -2.13305 ],
							"curve": "stepped"
						},
						{
							"time": 0.3333,
							"vertices": [ 5.50917, 27.47836, 5.50917, 27.47836, 5.5091, -2.13305, 5.5091, -2.13305 ]
						},
						{
							"time": 1.8333,
							"vertices": [ -1.81674, -15.67291, -1.81674, -15.67291, -0.47817, 0.81271, 0.86045, 3.49003 ]
						},
						{
							"time": 1.9666,
							"vertices": [ 5.50917, 27.47836, 17.048, 27.4785, 17.04794, -2.13291, 5.5091, -2.13305 ],
							"curve": "stepped"
						},
						{
							"time": 2.3333,
							"vertices": [ 5.50917, 27.47836, 17.048, 27.4785, 17.04794, -2.13291, 5.5091, -2.13305 ]
						},
						{
							"time": 2.4333,
							"vertices": [ -1.81674, -15.67291, -1.81674, -15.67291, -0.47817, 0.81271, 0.86045, 3.49003 ]
						},
						{
							"time": 2.5333,
							"vertices": [ 5.50917, 27.47836, 17.048, 27.4785, 17.04794, -2.13291, 5.5091, -2.13305 ],
							"curve": "stepped"
						},
						{
							"time": 2.7,
							"vertices": [ 5.50917, 27.47836, 17.048, 27.4785, 17.04794, -2.13291, 5.5091, -2.13305 ]
						},
						{
							"time": 2.7666,
							"vertices": [ -1.81674, -15.67291, -1.81674, -15.67291, -0.47817, 0.81271, 0.86045, 3.49003 ]
						},
						{
							"time": 2.8333,
							"vertices": [ 5.50917, 27.47836, 17.048, 27.4785, 17.04794, -2.13291, 5.5091, -2.13305 ]
						}
					]
				},
				"mi7": {
					"mi1": [
						{
							"time": 0,
							"vertices": [ 5.50917, 27.47836, 5.50917, 27.47836, 5.5091, -2.13305, 5.5091, -2.13305 ],
							"curve": "stepped"
						},
						{
							"time": 0.3333,
							"vertices": [ 5.50917, 27.47836, 5.50917, 27.47836, 5.5091, -2.13305, 5.5091, -2.13305 ]
						},
						{
							"time": 1.8333,
							"vertices": [ -1.81674, -15.67291, -1.81674, -15.67291, -0.47817, 0.81271, 0.86045, 3.49003 ]
						},
						{
							"time": 2,
							"vertices": [ -19.65404, 34.91312, 20.95113, 34.91312, 20.95107, 5.3017, -19.6541, 5.3017 ],
							"curve": "stepped"
						},
						{
							"time": 2.1666,
							"vertices": [ -19.65404, 34.91312, 20.95113, 34.91312, 20.95107, 5.3017, -19.6541, 5.3017 ],
							"curve": "stepped"
						},
						{
							"time": 2.3333,
							"vertices": [ -19.65404, 34.91312, 20.95113, 34.91312, 20.95107, 5.3017, -19.6541, 5.3017 ]
						},
						{
							"time": 2.4333,
							"vertices": [ -1.81674, -15.67291, -1.81674, -15.67291, -0.47817, 0.81271, 0.86045, 3.49003 ]
						},
						{
							"time": 2.5333,
							"vertices": [ -19.65404, 34.91312, 20.95113, 34.91312, 20.95107, 5.3017, -19.6541, 5.3017 ],
							"curve": "stepped"
						},
						{
							"time": 2.7,
							"vertices": [ -19.65404, 34.91312, 20.95113, 34.91312, 20.95107, 5.3017, -19.6541, 5.3017 ]
						},
						{
							"time": 2.7666,
							"vertices": [ -1.81674, -15.67291, -1.81674, -15.67291, -0.47817, 0.81271, 0.86045, 3.49003 ]
						},
						{
							"time": 2.8333,
							"vertices": [ -19.65404, 34.91312, 20.95113, 34.91312, 20.95107, 5.3017, -19.6541, 5.3017 ]
						}
					]
				},
				"mi8": {
					"mi1": [
						{
							"time": 0.3333,
							"vertices": [ 5.50917, 27.47836, 5.50917, 27.47836, 5.5091, -2.13305, 5.5091, -2.13305 ]
						},
						{
							"time": 2.3333,
							"vertices": [ -19.65404, 34.91312, 20.95113, 34.91312, 20.95107, 5.3017, -19.6541, 5.3017 ]
						},
						{
							"time": 2.4333,
							"vertices": [ -1.81674, -15.67291, -1.81674, -15.67291, -0.47817, 0.81271, 0.86045, 3.49003 ]
						},
						{
							"time": 2.5333,
							"vertices": [ -19.65404, 34.91312, 20.95113, 34.91312, 20.95107, 5.3017, -19.6541, 5.3017 ],
							"curve": "stepped"
						},
						{
							"time": 2.7,
							"vertices": [ -19.65404, 34.91312, 20.95113, 34.91312, 20.95107, 5.3017, -19.6541, 5.3017 ]
						},
						{
							"time": 2.7666,
							"vertices": [ -1.81674, -15.67291, -1.81674, -15.67291, -0.47817, 0.81271, 0.86045, 3.49003 ]
						},
						{
							"time": 2.8333,
							"vertices": [ -19.65404, 34.91312, 20.95113, 34.91312, 20.95107, 5.3017, -19.6541, 5.3017 ]
						}
					],
					"mi1": [
						{
							"time": 0,
							"vertices": [ 5.50917, 27.47836, 5.50917, 27.47836, 5.5091, -2.13305, 5.5091, -2.13305 ],
							"curve": "stepped"
						},
						{
							"time": 0.3333,
							"vertices": [ 5.50917, 27.47836, 5.50917, 27.47836, 5.5091, -2.13305, 5.5091, -2.13305 ]
						},
						{
							"time": 1.8,
							"vertices": [ -1.81674, -15.67291, -1.81674, -15.67291, -0.47817, 0.81271, 0.86045, 3.49003 ],
							"curve": "stepped"
						},
						{
							"time": 1.8333,
							"vertices": [ -1.81674, -15.67291, -1.81674, -15.67291, -0.47817, 0.81271, 0.86045, 3.49003 ]
						},
						{
							"time": 1.9666,
							"vertices": [ -19.65404, 34.91312, 20.95113, 34.91312, 20.95107, 5.3017, -19.6541, 5.3017 ],
							"curve": "stepped"
						},
						{
							"time": 2.3333,
							"vertices": [ -19.65404, 34.91312, 20.95113, 34.91312, 20.95107, 5.3017, -19.6541, 5.3017 ]
						},
						{
							"time": 2.4333,
							"vertices": [ -1.81674, -15.67291, -1.81674, -15.67291, -0.47817, 0.81271, 0.86045, 3.49003 ]
						},
						{
							"time": 2.5333,
							"vertices": [ -19.65404, 34.91312, 20.95113, 34.91312, 20.95107, 5.3017, -19.6541, 5.3017 ],
							"curve": "stepped"
						},
						{
							"time": 2.7,
							"vertices": [ -19.65404, 34.91312, 20.95113, 34.91312, 20.95107, 5.3017, -19.6541, 5.3017 ]
						},
						{
							"time": 2.7666,
							"vertices": [ -1.81674, -15.67291, -1.81674, -15.67291, -0.47817, 0.81271, 0.86045, 3.49003 ]
						},
						{
							"time": 2.8333,
							"vertices": [ -19.65404, 34.91312, 20.95113, 34.91312, 20.95107, 5.3017, -19.6541, 5.3017 ]
						}
					]
				},
				"mi2b": {
					"mi2b": [
						{
							"time": 0,
							"offset": 5,
							"vertices": [ -1.48981, -9.0E-5, -1.48981 ],
							"curve": "stepped"
						},
						{
							"time": 0.3333,
							"offset": 5,
							"vertices": [ -1.48981, -9.0E-5, -1.48981 ],
							"curve": "stepped"
						},
						{
							"time": 1.8333,
							"offset": 5,
							"vertices": [ -1.48981, -9.0E-5, -1.48981 ]
						},
						{
							"time": 2,
							"offset": 2,
							"vertices": [ 17.07093, 0, 17.06956, -49.9087, -16.36187, -49.9087 ],
							"curve": "stepped"
						},
						{
							"time": 2.1666,
							"offset": 2,
							"vertices": [ 17.07093, 0, 17.06956, -49.9087, -16.36187, -49.9087 ],
							"curve": "stepped"
						},
						{
							"time": 2.3333,
							"offset": 2,
							"vertices": [ 17.07093, 0, 17.06956, -49.9087, -16.36187, -49.9087 ]
						},
						{
							"time": 2.4333,
							"offset": 5,
							"vertices": [ -1.48981, -9.0E-5, -1.48981 ]
						},
						{
							"time": 2.5333,
							"offset": 2,
							"vertices": [ 17.07093, 0, 17.06956, -49.9087, -16.36187, -49.9087 ],
							"curve": "stepped"
						},
						{
							"time": 2.6333,
							"offset": 2,
							"vertices": [ 17.07093, 0, 17.06956, -49.9087, -16.36187, -49.9087 ]
						},
						{
							"time": 2.7333,
							"offset": 5,
							"vertices": [ -1.48981, -9.0E-5, -1.48981 ]
						},
						{
							"time": 2.8333,
							"offset": 2,
							"vertices": [ 17.07093, 0, 17.06956, -49.9087, -16.36187, -49.9087 ]
						}
					]
				},
				"mi2b2": {
					"mi2b": [
						{
							"time": 0.3333,
							"offset": 5,
							"vertices": [ -1.48981, -9.0E-5, -1.48981 ],
							"curve": "stepped"
						},
						{
							"time": 1.8333,
							"offset": 5,
							"vertices": [ -1.48981, -9.0E-5, -1.48981 ]
						},
						{
							"time": 2,
							"offset": 2,
							"vertices": [ 17.07093, 0, 17.06956, -49.9087, -16.36187, -49.9087 ],
							"curve": "stepped"
						},
						{
							"time": 2.3333,
							"offset": 2,
							"vertices": [ 17.07093, 0, 17.06956, -49.9087, -16.36187, -49.9087 ]
						},
						{
							"time": 2.4333,
							"offset": 5,
							"vertices": [ -1.48981, -9.0E-5, -1.48981 ]
						},
						{
							"time": 2.5333,
							"offset": 2,
							"vertices": [ 17.07093, 0, 17.06956, -49.9087, -16.36187, -49.9087 ],
							"curve": "stepped"
						},
						{
							"time": 2.6333,
							"offset": 2,
							"vertices": [ 17.07093, 0, 17.06956, -49.9087, -16.36187, -49.9087 ]
						},
						{
							"time": 2.7333,
							"offset": 5,
							"vertices": [ -1.48981, -9.0E-5, -1.48981 ]
						},
						{
							"time": 2.8333,
							"offset": 2,
							"vertices": [ 17.07093, 0, 17.06956, -49.9087, -16.36187, -49.9087 ]
						}
					],
					"mi2b": [
						{
							"time": 0,
							"offset": 5,
							"vertices": [ -1.48981, -9.0E-5, -1.48981 ],
							"curve": "stepped"
						},
						{
							"time": 0.3333,
							"offset": 5,
							"vertices": [ -1.48981, -9.0E-5, -1.48981 ],
							"curve": "stepped"
						},
						{
							"time": 1.8333,
							"offset": 5,
							"vertices": [ -1.48981, -9.0E-5, -1.48981 ]
						},
						{
							"time": 2,
							"offset": 2,
							"vertices": [ 17.07093, 0, 17.06956, -49.9087, -16.36187, -49.9087 ],
							"curve": "stepped"
						},
						{
							"time": 2.1666,
							"offset": 2,
							"vertices": [ 17.07093, 0, 17.06956, -49.9087, -16.36187, -49.9087 ],
							"curve": "stepped"
						},
						{
							"time": 2.3333,
							"offset": 2,
							"vertices": [ 17.07093, 0, 17.06956, -49.9087, -16.36187, -49.9087 ]
						},
						{
							"time": 2.4333,
							"offset": 5,
							"vertices": [ -1.48981, -9.0E-5, -1.48981 ]
						},
						{
							"time": 2.5333,
							"offset": 2,
							"vertices": [ 17.07093, 0, 17.06956, -49.9087, -16.36187, -49.9087 ],
							"curve": "stepped"
						},
						{
							"time": 2.6333,
							"offset": 2,
							"vertices": [ 17.07093, 0, 17.06956, -49.9087, -16.36187, -49.9087 ]
						},
						{
							"time": 2.7333,
							"vertices": [ -5.44194, -2.72116, 1.36048, -2.7211, 1.36039, -1.48987, -5.44203, -1.48993 ]
						},
						{
							"time": 2.8333,
							"offset": 2,
							"vertices": [ 17.07093, 0, 17.06956, -49.9087, -16.36187, -49.9087 ]
						}
					]
				}
			}
		},
		"drawOrder": [
			{ "time": 0 }
		]
	}
}
}